YEAR,SITE,DISTANCE,HEIGHT,BALANUS,CHTHAMALUS,TETRACLITA,MYTILUS,M_PAPILLATUS,M_JARDINII,MASTO_CRUST,ENDOCLADIA,M_AFFINIS,M_FLACCIDA,M_LEPTO,GASTROCLONIU,CORALLINA,HILDENBRANDI,EGREGIA,FUCUS,SILVETIA,PHYLLOSPADIX,CORALLINE_CRUST,POLLICIPES,CYANO_CRUST,DIATOM,PIKEA,PORPHYRA,HESPEROPHYCHUS,CLADOPHORA,DOCECACERIA,TUNICATE,CODIUM,RED_CRUST,ORANGE SPONGE,C_CANALICULATUS,ANALEPUS,BARE,SUM_SESSILE,A_XANTHO,A_SOLA,A_ELEGAN,SERPULORBIS,L_KEENAE,L_SCUTULATA,T_FUNEBRALIS,T_BRUNNEA,NUTTALINA,L_GIGANTEA,NUCELLA,L_SCABRA,S_PURPURATUS,LIMPET,MOPALIA,PAGURUS,PACHYGRAPSUS,OPHIUROID,L_DIGITALIS,CYANOPLAX,OCENEBRINA,SUM_MOBILE
2002,protected,0.4,0.033,0,0,0,0,0,,0,0,,,,,,,,,,,,,,,,,,,,,,,,,,,0,0,0,0,0,0,0,40,0,,,,,,,,,,,,,,40
2002,protected,0.9,0.058,0,0,0,0,0,,0,0,,,,,,,,,,,,,,,,,,,,,,,,,,,0,0,0,0,22,0,0,170,1,,,,,,,,,,,,,,193
2002,protected,1.4,-0.012,0,0,0,0,0,,0,0,,,,,,,,,,,,,,,,,,,,,,,,,,,0,0,0,0,0,0,0,151,6,,,,,,,,,,,,,,157
2002,protected,1.9,-0.007,0,0,0,0,0,,0,0,,,,,,,,,,,,,,,,,,,,,,,,,,,0,0,0,0,0,0,0,36,0,,,,,,,,,,,,,,36
2002,protected,3.5,0.188,0,0,0,0,0,,0.045,0,,,,,,,,,,,,,,,,,,,,,,,,,,,0.045,0,0,0,6,0,0,166,0,,,,,,,,,,,,,,172
2002,protected,4,0.152,0,0,0,0,0.03,,0.03,0.3,,,,,,,,,,,,,,,,,,,,,,,,,,,0.36,0,0,0,0,0,0,75,0,,,,,,,,,,,,,,75
2002,protected,4.5,0.147,0,0,0,0,0,,0,0.01,,,,,,,,,,,,,,,,,,,,,,,,,,,0.01,0,1,0,0,0,0,105,0,,,,,,,,,,,,,,106
2002,protected,5.1,0.153,0,0,0,0,0,,0.03,0,,,,,,,,,,,,,,,,,,,,,,,,,,,0.03,0,3,0,0,0,0,106,3,,,,,,,,,,,,,,112
2002,protected,5.6,0.073,0,0,0,0,0.04,,0,0,,,,,,,,,,,,,,,,,,,,,,,,,,,0.04,0,6,0,3,0,0,191,3,,,,,,,,,,,,,,203
2002,protected,6.1,0.138,0.02,0,0,0,0.02,,0.02,0,,,,,,,,,,,,,,,,,,,,,,,,,,,0.06,0,0,0,0,0,0,35,0,,,,,,,,,,,,,,35
2002,protected,6.6,0.059,0,0,0,0,0,,0.04,0,,,,,,,,,,,,,,,,,,,,,,,,,,,0.04,0,0,0,0,0,0,64,1,,,,,,,,,,,,,,65
2002,protected,7.1,0.298,0,0,0,0,0,,0,0.01,,,,,,,,,,,,,,,,,,,,,,,,,,,0.01,0,0,0,0,0,0,63,0,,,,,,,,,,,,,,63
2002,protected,7.6,0.276,0,0,0,0,0,,0.2,0,,,,,,,,,,,,,,,,,,,,,,,,,,,0.2,0,3,0,1,0,0,1,0,,,,,,,,,,,,,,5
2002,protected,8.1,0.409,0,0,0,0,0.3,,0,0.04,,,,,,,,,,,,,,,,,,,,,,,,,,,0.34,0,0,0,0,0,0,9,0,,,,,,,,,,,,,,9
2002,protected,8.6,0.216,0,0,0,0,0.12,,0,0.12,,,,,,,,,,,,,,,,,,,,,,,,,,,0.24,0,6,0,0,0,0,102,0,,,,,,,,,,,,,,108
2002,protected,10,0.285,0,0,0,0,0,,0,0,,,,,,,,,,,,,,,,,,,,,,,,,,,0,0,6,0,0,0,0,126,0,,,,,,,,,,,,,,132
2002,protected,10.5,0.343,0,0,0,0,0.25,,0,0.06,,,,,,,,,,,,,,,,,,,,,,,,,,,0.31,0,4,0,0,0,0,282,0,,,,,,,,,,,,,,286
2002,protected,11,0.448,0,0,0,0,0,,0.4,0.03,,,,,,,,,,,,,,,,,,,,,,,,,,,0.43,0,3,0,0,0,0,57,0,,,,,,,,,,,,,,60
2002,protected,11.5,0.511,0,0,0,0,0.03,,0.9,0.32,,,,,,,,,,,,,,,,,,,,,,,,,,,1.25,0,2,0,0,0,0,7,0,,,,,,,,,,,,,,9
2002,protected,12,0.413,0,0,0,0,0.02,,0.54,0.04,,,,,,,,,,,,,,,,,,,,,,,,,,,0.6,0,7,0,0,0,0,34,0,,,,,,,,,,,,,,41
2002,protected,12.5,1.088,0,0,0,0,0.12,,0,0.75,,,,,,,,,,,,,,,,,,,,,,,,,,,0.87,0,0,0,0,0,0,0,0,,,,,,,,,,,,,,0
2002,protected,13.1,0.397,0,0,0,0,0.03,,0.15,0.24,,,,,,,,,,,,,,,,,,,,,,,,,,,0.42,0,1,3,0,0,0,165,,,,,,,,,,,,,,,169
2002,protected,13.6,0.897,0,0,0,0,0.12,,0,0.04,,,,,,,,,,,,,,,,,,,,,,,,,,,0.16,0,0,0,0,0,0,49,0,,,,,,,,,,,,,,49
2002,protected,14.1,0.983,0,0,0,0,0.18,,0,0.03,,,,,,,,,,,,,,,,,,,,,,,,,,,0.21,0,0,0,0,0,0,39,0,,,,,,,,,,,,,,39
2002,protected,14.6,1.137,0,0,0,0,0.24,,0,0.94,,,,,,,,,,,,,,,,,,,,,,,,,,,1.18,0,0,3,0,0,0,12,0,,,,,,,,,,,,,,15
2002,protected,15.1,0.758,0,0,0,0,0.12,,0.04,0.5,,,,,,,,,,,,,,,,,,,,,,,,,,,0.66,0,0,2,0,0,0,18,0,,,,,,,,,,,,,,20
2002,protected,15.7,1.453,0.08,0.06,0,0,0.28,,0,0.4,,,,,,,,,,,,,,,,,,,,,,,,,,,0.82,0,0,0,0,0,3,1,0,,,,,,,,,,,,,,4
2002,protected,16.2,1.653,0.5,0.08,0,0,0,,0,0,,,,,,,,,,,,,,,,,,,,,,,,,,,0.58,0,0,0,0,0,11,0,0,,,,,,,,,,,,,,11
2002,protected,16.7,1.478,0.07,0.08,0,0,0,,0,0.2,,,,,,,,,,,,,,,,,,,,,,,,,,,0.35,0,0,0,0,0,44,1,0,,,,,,,,,,,,,,45
2002,protected,17.7,1.475,0,0.03,0,0,0.08,,0,0.26,,,,,,,,,,,,,,,,,,,,,,,,,,,0.37,0,0,0,0,0,11,0,0,,,,,,,,,,,,,,11
2002,protected,18.2,1.618,0,0.1,0,0,0,,0,0.04,,,,,,,,,,,,,,,,,,,,,,,,,,,0.14,0,0,0,0,0,14,0,0,,,,,,,,,,,,,,14
2002,protected,18.7,1.563,0.01,0.05,0,0,0.1,,0,0.16,,,,,,,,,,,,,,,,,,,,,,,,,,,0.32,0,0,0,0,2,12,0,0,,,,,,,,,,,,,,14
2002,protected,19.2,1.853,0.12,0.04,0,0,0.07,,0,0.04,,,,,,,,,,,,,,,,,,,,,,,,,,,0.27,0,0,0,0,83,18,0,0,,,,,,,,,,,,,,101
2002,protected,19.7,1.743,0.001,0.04,0,0,0,,0,0,,,,,,,,,,,,,,,,,,,,,,,,,,,0.041,0,0,0,0,21,20,0,0,,,,,,,,,,,,,,41
2002,protected,20.2,1.93,0.01,0.01,0,0,0,,0,0,,,,,,,,,,,,,,,,,,,,,,,,,,,0.02,0,0,0,0,72,12,0,0,,,,,,,,,,,,,,84
2002,protected,21.1,2.283,0,0,0,0,0,,0,0,,,,,,,,,,,,,,,,,,,,,,,,,,,0,0,0,0,0,123,4,0,0,,,,,,,,,,,,,,127
2002,exposed,15,1.55,0.001,0,0.0001,0.91,0,,0,0,,,,,,,,,,,,,,,,,,,,,,,,,,,0.9111,0,0,0,0,0,0,0,0,,,,,,,,,,,,,,0
2002,exposed,14.5,1.495,0.01,0.03,0.21,0.295,0,,0,0,,,,,,,,,,,,,,,,,,,,,,,,,,,0.545,0,0,0,0,0,0,0,0,,,,,,,,,,,,,,0
2002,exposed,14,1.62,0.01,0.025,0.06,0.58,0,,0,0.02,,,,,,,,,,,,,,,,,,,,,,,,,,,0.695,0,0,0,0,0,0,0,0,,,,,,,,,,,,,,0
2002,exposed,13.5,1.28,0.03,0.04,0.28,0,0,,0,0.045,,,,,,,,,,,,,,,,,,,,,,,,,,,0.395,0,0,0,0,0,31,0,0,,,,,,,,,,,,,,31
2002,exposed,13,0.705,0,0,0.02,0,0.015,,0,0,,,,,,,,,,,,,,,,,,,,,,,,,,,0.035,8,0,0,30,0,0,0,0,,,,,,,,,,,,,,38
2002,exposed,12.5,0.765,0,0,0.01,0,0,,0,0,,,,,,,,,,,,,,,,,,,,,,,,,,,0.01,8,0,0,7,0,0,0,0,,,,,,,,,,,,,,15
2002,exposed,12,0.79,0,0,0.01,0,0,,0,0,,,,,,,,,,,,,,,,,,,,,,,,,,,0.01,2,1,0,4,0,0,0,0,,,,,,,,,,,,,,7
2002,exposed,11.5,0.975,0,0.04,0.15,0,0,,0,0.02,,,,,,,,,,,,,,,,,,,,,,,,,,,0.21,4,0,0,31,0,2,0,0,,,,,,,,,,,,,,37
2002,exposed,11,1.22,0.01,0.12,0.17,0,0.01,,0,0.11,,,,,,,,,,,,,,,,,,,,,,,,,,,0.42,1,0,0,0,0,10,0,0,,,,,,,,,,,,,,11
2002,exposed,10.5,1.335,0.01,0.15,0.09,0.02,0,,0,0.11,,,,,,,,,,,,,,,,,,,,,,,,,,,0.38,0,1,0,0,0,0,0,0,,,,,,,,,,,,,,1
2002,exposed,10,0.77,0,0,0.06,0,0,,0,0,,,,,,,,,,,,,,,,,,,,,,,,,,,0.06,7,0,0,4,0,0,0,0,,,,,,,,,,,,,,11
2002,exposed,9.5,1.11,0,0.03,0.01,0,0.03,,0,0.07,,,,,,,,,,,,,,,,,,,,,,,,,,,0.14,6,0,0,1,0,0,0,0,,,,,,,,,,,,,,7
2002,exposed,9,1.38,0.01,0,0.09,0.16,0,,0,0,,,,,,,,,,,,,,,,,,,,,,,,,,,0.26,0,0,0,0,0,0,0,0,,,,,,,,,,,,,,0
2002,exposed,8.5,1.802,0.01,0,0,0.8,0,,0,0,,,,,,,,,,,,,,,,,,,,,,,,,,,0.81,1,0,0,0,0,0,0,0,,,,,,,,,,,,,,1
2002,exposed,8,1.825,0,0,0.0005,0.7,0,,0,0.05,,,,,,,,,,,,,,,,,,,,,,,,,,,0.7505,2,0,0,0,0,0,0,0,,,,,,,,,,,,,,2
2002,exposed,7,1.8,0.01,0,0,0.55,0,,0,0.04,,,,,,,,,,,,,,,,,,,,,,,,,,,0.6,0,0,0,0,0,0,0,0,,,,,,,,,,,,,,0
2002,exposed,7.5,2.25,0.01,0,0,0.01,0.02,,0,0.04,,,,,,,,,,,,,,,,,,,,,,,,,,,0.08,0,0,0,0,0,0,0,0,,,,,,,,,,,,,,0
2002,exposed,6.5,2.295,0.02,0,0.0005,0.09,0.04,,0,0.05,,,,,,,,,,,,,,,,,,,,,,,,,,,0.2005,0,0,0,0,2,11,0,0,,,,,,,,,,,,,,13
2002,exposed,6,2.67,0.01,0,0,0,0,,0,0,,,,,,,,,,,,,,,,,,,,,,,,,,,0.01,0,0,0,0,2,0,0,0,,,,,,,,,,,,,,2
2002,exposed,5.5,2.607,0.02,0.015,0,0.03,0.02,,0,0,,,,,,,,,,,,,,,,,,,,,,,,,,,0.085,0,0,0,0,28,8,0,0,,,,,,,,,,,,,,36
2002,exposed,5,2.65,0.01,0,0,0,0,,0,0,,,,,,,,,,,,,,,,,,,,,,,,,,,0.01,0,0,0,0,17,8,0,0,,,,,,,,,,,,,,25
2002,exposed,4.5,2.59,0.01,0,0,0,0,,0,0,,,,,,,,,,,,,,,,,,,,,,,,,,,0.01,0,0,0,0,12,10,0,0,,,,,,,,,,,,,,22
2002,exposed,4,2.835,0,0,0,0,0,,0,0,,,,,,,,,,,,,,,,,,,,,,,,,,,0,0,0,0,0,26,4,0,0,,,,,,,,,,,,,,30
2002,exposed,3.5,2.705,0,0,0,0,0,,0,0,,,,,,,,,,,,,,,,,,,,,,,,,,,0,0,0,0,0,17,4,0,0,,,,,,,,,,,,,,21
2002,exposed,3,2.82,0,0,0,0,0,,0,0,,,,,,,,,,,,,,,,,,,,,,,,,,,0,0,0,0,0,73,3,0,0,,,,,,,,,,,,,,76
2002,exposed,2.5,3.06,0.01,0,0,0,0,,0,0,,,,,,,,,,,,,,,,,,,,,,,,,,,0.01,0,0,0,0,33,2,0,0,,,,,,,,,,,,,,35
2002,exposed,2,3.53,0,0,0,0,0,,0,0,,,,,,,,,,,,,,,,,,,,,,,,,,,0,0,0,0,0,20,25,0,0,,,,,,,,,,,,,,45
2002,exposed,1.5,3.235,0,0,0,0,0,,0,0,,,,,,,,,,,,,,,,,,,,,,,,,,,0,0,0,0,0,30,0,0,0,,,,,,,,,,,,,,30
2002,exposed,1,3.32,0,0,0,0,0,,0,0,,,,,,,,,,,,,,,,,,,,,,,,,,,0,0,0,0,0,22,6,0,0,,,,,,,,,,,,,,28
2003,exposed,13.5,1.62,0.005,0,0.18,0.5,0,0,0,0,0,0,0,0,0,,0,0,0,,,,,,,,,,,,,,,,,,0.685,0,0,0,0,0,0,0,0,,,,,,,,,,,,,,0
2003,exposed,13,1.41,0.005,0,0.2,0.08,0,0,0,0,0,0,0,0,0,,0,0,0,,,,,,,,,,,,,,,,,,0.285,0,0,0,0,0,0,0,0,,,,,,,,,,,,,,0
2003,exposed,12.6,1.39,0,0,0.09,0.03,0,0,0,0.1,0,0,0,0,0,,0,0,0,,,,,,,,,,,,,,,,,,0.22,0,0,0,0,0,0,0,0,,,,,,,,,,,,,,0
2003,exposed,12,0.9,0,0,0,0.01,0.04,0,0,0,0,0,0,0,0,,0,0,0,,,,,,,,,,,,,,,,,,0.05,12,0,0,5,0,0,0,0,,,,,,,,,,,,,,17
2003,exposed,10.1,1.34,0.01,0.04,0,0,0.01,0,0,0,0,0,0,0,0,,0,0,0,,,,,,,,,,,,,,,,,,0.06,0,0,0,0,0,0,0,0,,,,,,,,,,,,,,0
2003,exposed,9.2,1.14,0,0.01,0.02,0,0.09,0,0,0.2,0,0,0,0,0,,0,0,0,,,,,,,,,,,,,,,,,,0.32,0,0,0,0,0,0,0,0,,,,,,,,,,,,,,0
2003,exposed,8.5,1.83,0,0,0,0.61,0,0,0,0.025,0,0,0,0,0,,0,0,0,,,,,,,,,,,,,,,,,,0.635,3,0,0,0,0,0,0,0,,,,,,,,,,,,,,3
2003,exposed,7.1,1.98,0.01,0,0,0.14,0.01,0,0,0.01,0,0,0,0,0,,0,0,0,,,,,,,,,,,,,,,,,,0.17,0,0,0,0,0,0,0,0,,,,,,,,,,,,,,0
2003,exposed,6,2.77,0.02,0,0.005,0.01,0.03,0,0,0,0,0,0,0,0,,0,0,0,,,,,,,,,,,,,,,,,,0.065,0,0,1,0,0,0,0,0,,,,,,,,,,,,,,1
2003,exposed,4.6,2.72,0,0,0,0,0,0,0,0,0,0,0,0,0,,0,0,0,,,,,,,,,,,,,,,,,,0,0,0,0,0,24,40,0,0,,,,,,,,,,,,,,64
2003,protected,15.5,0.32,0,0,0,0,0.005,0,0,0,0.045,0,0.075,0,0.06,,0,0,0,,,,,,,,,,,,,,,,,,0.185,0,5,0,0,0,0,154,0,,,,,,,,,,,,,,159
2003,protected,14,0.29,0,0,0,0,0.01,0,0,0,0.17,0,0.085,0.045,0.09,,0,0,0,,,,,,,,,,,,,,,,,,0.4,0,2,0,0,0,0,90,0,,,,,,,,,,,,,,92
2003,protected,12.5,0.51,0,0,0,0,0.035,0,0,0.145,0.015,0,0.035,0,0.005,,0,0,0,,,,,,,,,,,,,,,,,,0.235,0,1,0,0,0,0,20,0,,,,,,,,,,,,,,21
2003,protected,11.2,0.815,0.0025,0.02,0.0025,0,0.04,0.04,0,0.53,0.005,0,0,0,0.0025,,0,0,0,,,,,,,,,,,,,,,,,,0.6425,0,0,0,0,0,0,8,0,,,,,,,,,,,,,,8
2003,protected,10.2,0.455,0,0,0,0,0,0,0,0,0,0,0,0,0,,0,0,0,,,,,,,,,,,,,,,,,,0,0,3,0,0,0,0,63,0,,,,,,,,,,,,,,66
2003,protected,9.1,0.905,0,0,0,0,0.15,0,0,0.45,0.04,0,0.0025,0,0,,0,0,0.02,,,,,,,,,,,,,,,,,,0.6625,0,0,3,0,0,0,25,0,,,,,,,,,,,,,,28
2003,protected,7.3,1.66,0.16,0.05,0,0,0,0,0,0.03,0.0025,0,0,0,0,,0,0,0,,,,,,,,,,,,,,,,,,0.2425,0,0,0,0,0,64,0,0,,,,,,,,,,,,,,64
2003,protected,6,1.26,0.24,0.07,0.05,0,0.02,0,0,0.145,0,0,0,0,0.015,,0,0,0,,,,,,,,,,,,,,,,,,0.54,0,0,0,0,0,26,2,0,,,,,,,,,,,,,,28
2003,protected,4.4,1.565,0.05,0.03,0,0,0,0,0,0.025,0.005,0,0,0,0,,0,0,0,,,,,,,,,,,,,,,,,,0.11,0,0,0,0,2,23,0,0,,,,,,,,,,,,,,25
2003,protected,3.2,1.85,0,0,0,0,0,0,0,0,0,0,0,0,0,,0,0,0,,,,,,,,,,,,,,,,,,0,0,0,0,0,22,1,0,0,,,,,,,,,,,,,,23
2003,protected,1.1,1.975,0,0,0,0,0,0,0.01,0,0,0,0,0,0,,0,0,0,,,,,,,,,,,,,,,,,,0.01,0,0,0,0,76,0,0,0,,,,,,,,,,,,,,76
2003,protected,16,0.445,0,0,0,0,0.12,0,0,0.015,0.06,0,0.045,0,0,,0,0,0,,,,,,,,,,,,,,,,,,0.24,0,0,0,0,0,0,49,0,,,,,,,,,,,,,,49
2003,protected,13,0.605,0,0,0,0,0.04,0,0,0.33,0.01,0,0,0,0.01,,0,0,0,,,,,,,,,,,,,,,,,,0.39,0,6,0,0,0,0,46,0,,,,,,,,,,,,,,52
2003,protected,11.6,1.16,0.02,0.015,0.025,0.005,0.09,0,0,0.36,0,0,0,0,0,,0,0,0.02,,,,,,,,,,,,,,,,,,0.535,0,0,0,0,0,0,0,0,,,,,,,,,,,,,,0
2003,protected,10.7,0.675,0,0,0,0,0.08,0,0,0.07,0,0,0,0,0,,0,0,0,,,,,,,,,,,,,,,,,,0.15,0,0,0,0,0,0,41,0,,,,,,,,,,,,,,41
2003,protected,9.65,1.18,0,0,0,0.001,0.27,0,0,0.245,0.05,0,0,0,0.065,,0,0,0,,,,,,,,,,,,,,,,,,0.631,0,0,0,0,0,0,50,0,,,,,,,,,,,,,,50
2003,protected,8.15,1.06,0,0,0,0,0.27,0,0,0.27,0,0,0,0,0.035,,0,0,0.02,,,,,,,,,,,,,,,,,,0.595,0,0,3,0,0,0,16,0,,,,,,,,,,,,,,19
2003,protected,6.7,1.46,0.03,0.02,0,0,0.07,0,0,0.16,0,0,0,0,0,,0,0,0,,,,,,,,,,,,,,,,,,0.28,0,0,0,0,0,14,6,0,,,,,,,,,,,,,,20
2003,protected,4.95,1.25,0,0.0225,0,0,0.075,0,0,0.14,0,0,0,0,0.04,,0,0,0,,,,,,,,,,,,,,,,,,0.2775,0,0,0,0,0,4,39,0,,,,,,,,,,,,,,43
2003,protected,3.675,1.58,0.02,0.005,0,0,0.01,0,0,0.005,0,0,0,0,0,,0,0,0,,,,,,,,,,,,,,,,,,0.04,0,0,0,0,20,28,1,0,,,,,,,,,,,,,,49
2003,protected,2.28,1.875,0.0025,0,0,0,0.005,0,0,0,0,0,0,0,0,,0,0,0,,,,,,,,,,,,,,,,,,0.0075,0,0,0,0,47,0,0,0,,,,,,,,,,,,,,47
2005,protected,8.38,1.12,0,0,0,0,0.28,,0.15,0.25,0,0,,,,,0,0,0,,,,,,,,,,,,,,,,,,0.68,0,0,9,0,0,0,0,0,,,,,,,,,,,,,,9
2005,protected,9.89,0.79,0,0.04,0,0,0.07,,0.02,0.6,0,0,,,,,0,0,0,,,,,,,,,,,,,,,,,,0.73,0,0,0,0,0,0,0,0,,,,,,,,,,,,,,0
2005,protected,20.7,0.03,0,0,0,0,0,,0,0,0,0,,,,,0,0,0,,,,,,,,,,,,,,,,,,0,0,2,0,0,0,0,45,0,,,,,,,,,,,,,,47
2005,protected,17.8,0.27,0,0,0,0,0.02,,0.01,0,0.02,0,,,,,0,0,0,,,,,,,,,,,,,,,,,,0.05,0,0,0,0,0,0,92,0,,,,,,,,,,,,,,92
2005,protected,16.3,0.16,0,0,0,0,0,,0.07,0,0,0,,,,,0,0,0,,,,,,,,,,,,,,,,,,0.07,0,0,0,0,0,0,134,4,,,,,,,,,,,,,,138
2005,protected,14.3,0.43,0,0,0,0,0.04,,0.18,0.03,0.01,0,,,,,0,0,0,,,,,,,,,,,,,,,,,,0.26,0,4,1,0,0,0,107,0,,,,,,,,,,,,,,112
2005,protected,7.3,1.11,0.04,0,0.16,0,0.1,,0.3,0.03,0,0,,,,,0,0,0,,,,,,,,,,,,,,,,,,0.63,0,0,0,0,0,0,0,0,,,,,,,,,,,,,,0
2005,protected,6.3,1.59,0.05,0.05,0,0,0.03,,0,0.1,0,0,,,,,0,0,0.01,,,,,,,,,,,,,,,,,,0.24,0,0,0,0,0,0,0,0,,,,,,,,,,,,,,0
2005,protected,12.74,0.22,0,0,0,0,0,,0.02,0,0.06,0,,,,,0,0,0,,,,,,,,,,,,,,,,,,0.08,0,6,1,0,0,0,64,0,,,,,,,,,,,,,,71
2005,protected,11.44,0.57,0,0,0,0.01,0.01,,0.39,0.41,0,0,,,,,0,0,0,,,,,,,,,,,,,,,,,,0.82,9,0,0,0,0,0,65,0,,,,,,,,,,,,,,74
2005,protected,7.5,1,0,0,0,0,0.32,,0.01,0.28,0,0,,,,,0,0,0.06,,,,,,,,,,,,,,,,,,0.67,0,0,4,0,0,0,21,0,,,,,,,,,,,,,,25
2005,protected,1.2,2.39,0,0,0,0,0,,0,0,0,0,,,,,0,0,0,,,,,,,,,,,,,,,,,,0,0,0,0,0,48,80,0,0,,,,,,,,,,,,,,128
2005,protected,2.58,1.96,0.04,0.08,0,0,0.01,,0,0,0,0,,,,,0,0,0,,,,,,,,,,,,,,,,,,0.13,0,0,0,0,0,15,0,0,,,,,,,,,,,,,,15
2005,protected,4.13,1.4,0,0.04,0,0,0.12,,0,0.22,0,0,,,,,0,0,0,,,,,,,,,,,,,,,,,,0.38,0,2,0,0,0,0,26,0,,,,,,,,,,,,,,28
2005,exposed,5.73,2.16,0.01,0.06,0,0.02,0.05,,0,0.06,0.02,0,,,,,0,0,0,,,,,,,,,,,,,,,,,,0.22,0,0,0,0,0,52,0,0,,,,,,,,,,,,,,52
2005,exposed,7.9,1.56,0,0.01,0.06,0.02,0.04,,0.02,0.9,0,0,,,,,0,0,0,,,,,,,,,,,,,,,,,,1.05,0,0,0,0,0,0,7,0,,,,,,,,,,,,,,7
2005,exposed,10.1,1.47,0.06,0.15,0.18,0.06,0,,0,0.2,0,0,,,,,0,0,0,,,,,,,,,,,,,,,,,,0.65,0,0,0,0,0,0,0,0,,,,,,,,,,,,,,0
2005,exposed,10.7,1.41,0.04,0.16,0.09,0.18,0,,0,0.08,0,0,,,,,0,0,0,,,,,,,,,,,,,,,,,,0.55,0,0,0,0,0,0,0,0,,,,,,,,,,,,,,0
2005,exposed,8.52,1.605,0,0.001,0.02,0,0.09,,0,0.65,0,0,,,,,0,0,0,,,,,,,,,,,,,,,,,,0.761,0,0,4,0,0,1,0,0,,,,,,,,,,,,,,5
2005,exposed,6.73,1.945,0.015,0.12,0,0,0.1,,0,0.35,0,0,,,,,0,0,0,,,,,,,,,,,,,,,,,,0.585,0,0,0,0,0,15,0,0,,,,,,,,,,,,,,15
2005,exposed,4.85,2.305,0,0,0,0.04,0.07,,0.12,0.01,0,0,,,,,0,0,0,,,,,,,,,,,,,,,,,,0.24,0,0,0,0,10,12,0,0,,,,,,,,,,,,,,22
2005,exposed,9.7,1.31,0.24,0,0.2,0,0.16,,0.16,0.5,0.12,0,,,,,0,0,0,,,,,,,,,,,,,,,,,,1.38,1,0,15,0,0,0,6,0,,,,,,,,,,,,,,22
2005,exposed,6.2,2.02,0.04,0,0.02,0,0.2,,0,0.36,0,0,,,,,0,0,0,,,,,,,,,,,,,,,,,,0.62,0,0,0,0,0,10,0,0,,,,,,,,,,,,,,10
2005,exposed,5.25,2.27,0.03,0,0.01,0,0.09,,0.06,0.12,0,0,,,,,0,0,0,,,,,,,,,,,,,,,,,,0.31,0,0,0,0,9,10,0,0,,,,,,,,,,,,,,19
2005,exposed,4.4,2.62,0,0,0,0.5,0,,0,0,0,0,,,,,0,0,0,,,,,,,,,,,,,,,,,,0.5,0,0,0,0,11,13,0,0,,,,,,,,,,,,,,24
2005,exposed,9.1,1.65,0.01,0.03,0.11,0.08,0.01,,0,0.05,0,0,,,,,0,0,0,,,,,,,,,,,,,,,,,,0.29,0,0,0,0,0,0,0,0,,,,,,,,,,,,,,0
2005,exposed,7.3,1.92,0.02,0.01,0.02,0,0.13,,0.01,0.26,0,0,,,,,0,0,0,,,,,,,,,,,,,,,,,,0.45,0,0,4,0,0,18,1,0,,,,,,,,,,,,,,23
2007,exposed,2.8,3.33,0,0,0,0,0,,0,0,0,0,,,,,0,,0,0,,,,,,,,,,,,,,,,,0,0,0,0,0,10,,0,0,,,,,,,,,,,,,,10
2007,exposed,3.2,4,0,0,0,0.04,0,,0,0,0,0,,,,,0,,0,0,,,,,,,,,,,,,,,,,0.04,0,0,0,0,32,,0,0,,,,,,,,,,,,,,32
2007,exposed,3.6,3.175,0,0,0,0,0,,0,0,0,0,,,,,0,,0,0,,,,,,,,,,,,,,,,,0,0,0,0,0,55,,0,0,,,,,,,,,,,,,,55
2007,exposed,4.1,2.785,0.01,0.02,0,0.0005,0,,0,0,0.02,0,,,,,0,,0.1,0,,,,,,,,,,,,,,,,,0.1505,0,0,0,0,27,,0,0,,,,,,,,,,,,,,27
2007,exposed,4.7,2.855,0.01,0,0,0,0,,0,0,0.01,0,,,,,0,,0,0,,,,,,,,,,,,,,,,,0.02,0,0,0,0,24,,0,0,,,,,,,,,,,,,,24
2007,exposed,5.1,2.475,0.12,0.11,0,0.02,0,,0,0,0.01,0,,,,,0,,0,0,,,,,,,,,,,,,,,,,0.26,0,0,0,0,24,,0,0,,,,,,,,,,,,,,24
2007,exposed,5.6,2.945,0.02,0.01,0,0.01,0,,0,0.02,0.02,0,,,,,0,,0,0,,,,,,,,,,,,,,,,,0.08,0,0,0,0,10,,0,0,,,,,,,,,,,,,,10
2007,exposed,6.1,2.675,0.04,0.1,0,0,0,,0,0.12,0.08,0,,,,,0,,0,0,,,,,,,,,,,,,,,,,0.34,0,0,0,0,10,,0,0,,,,,,,,,,,,,,10
2007,exposed,6.6,2.24,0.02,0,0,0.22,0,,0,0.24,0,0.08,,,,,0,,0,0,,,,,,,,,,,,,,,,,0.56,0,0,0,0,0,,0,0,,,,,,,,,,,,,,0
2007,exposed,7.1,1.785,0.01,0.02,0.03,0.44,0,,0,0.01,0,0,,,,,0,,0,0,,,,,,,,,,,,,,,,,0.51,1,0,0,0,0,,0,0,,,,,,,,,,,,,,1
2007,exposed,7.6,1.835,0.09,0,0,0.64,0,,0,0.06,0,0,,,,,0,,0,0,,,,,,,,,,,,,,,,,0.79,0,1,0,0,0,,0,0,,,,,,,,,,,,,,1
2007,exposed,8,1.805,0.02,0,0,0.9,0,,0,0.02,0,0.5,,,,,0,,0,0,,,,,,,,,,,,,,,,,1.44,2,0,0,0,0,,0,0,,,,,,,,,,,,,,2
2007,exposed,8.7,1.415,0.24,0.04,0.04,0.3,0,,0,0,0,0,,,,,0,,0,0,,,,,,,,,,,,,,,,,0.62,0,0,0,0,0,,0,0,,,,,,,,,,,,,,0
2007,exposed,9.3,1.35,0.04,0,0.1,0.16,0,,0,0.2,0,0,,,,,0.06,,0,0,,,,,,,,,,,,,,,,,0.56,1,0,0,0,0,,0,0,,,,,,,,,,,,,,1
2007,exposed,9.5,1.235,0,0,0.6,0.3,0,,0,0,0,0,,,,,0.2,,0,0,,,,,,,,,,,,,,,,,1.1,0,0,0,0,0,,0,0,,,,,,,,,,,,,,0
2007,exposed,10.2,0.945,0.16,0,0.12,0,0,,0,0.16,0,0,,,,,0.48,,0,0,,,,,,,,,,,,,,,,,0.92,3,0,0,0,0,,0,0,,,,,,,,,,,,,,3
2007,exposed,10.9,0.92,0,0,0.12,0.02,0,,0,0,0,0,,,,,1,,0,0,,,,,,,,,,,,,,,,,1.14,4,0,0,0,0,,0,0,,,,,,,,,,,,,,4
2007,exposed,11.4,0.755,0,0,0,0,0,,0,0,0,0.01,,,,,0,,0,0,,,,,,,,,,,,,,,,,0.01,10,0,0,0,0,,0,0,,,,,,,,,,,,,,10
2007,exposed,12.3,0.795,0,0,0,0,0,,0,0,0,0,,,,,0,,0,0,,,,,,,,,,,,,,,,,0,3,0,0,0,0,,0,0,,,,,,,,,,,,,,3
2007,exposed,12.7,1.295,0.04,0.01,0.16,0.04,0,,0,0.06,0,0,,,,,0,,0,0,,,,,,,,,,,,,,,,,0.31,0,0,0,0,0,,0,0,,,,,,,,,,,,,,0
2007,exposed,13.3,1.725,0,0.04,0,0.3,0,,0,0,0,0,,,,,0,,0,0,,,,,,,,,,,,,,,,,0.34,0,0,0,0,0,,0,0,,,,,,,,,,,,,,0
2007,exposed,13.6,1.575,0.01,0,0,1,0,,0,0,0,0,,,,,0,,0,0,,,,,,,,,,,,,,,,,1.01,0,0,0,0,0,,0,0,,,,,,,,,,,,,,0
2007,exposed,14.2,1.635,0.04,0.04,0,0.92,0,,0,0,0,0,,,,,0,,0,0,,,,,,,,,,,,,,,,,1,0,0,0,0,0,,0,0,,,,,,,,,,,,,,0
2007,exposed,14.9,1.215,0,0,0,1,0,,0,0,0,0.04,,,,,0.04,,0,0,,,,,,,,,,,,,,,,,1.08,0,0,0,2,0,,0,0,,,,,,,,,,,,,,2
2007,protected,4.3,0.21,0,0,0,0,0,,0.16,0,0.04,0,,,,,,,0,0.16,,,,,,,,,,,,,,,,,0.36,0,4,0,,,,61,1,,,,,,,,,,,,,,66
2007,protected,4.8,0.07,0,0,0,0,0,,0,0,0,0,,,,,,,0,0.3,,,,,,,,,,,,,,,,,0.3,0,1,0,,,,125,0,,,,,,,,,,,,,,126
2007,protected,5.3,0.21,0,0,0,0,0,,0.06,0,0,0,,,,,,,0,0,,,,,,,,,,,,,,,,,0.06,0,2,0,,,,181,12,,,,,,,,,,,,,,195
2007,protected,5.8,0.17,0,0,0,0,0,,0.02,0,0,0,,,,,,,0,0.08,,,,,,,,,,,,,,,,,0.1,0,2,0,,,,70,0,,,,,,,,,,,,,,72
2007,protected,7.8,0.22,0,0,0,0,0.078,,0.01,0,0,0,,,,,,,0,0.06,,,,,,,,,,,,,,,,,0.148,0,0,0,,,,56,0,,,,,,,,,,,,,,56
2007,protected,8.3,0.32,0,0,0,0,0,,0.02,0,0,0,,,,,,,0,0,,,,,,,,,,,,,,,,,0.02,0,3,0,,,,135,0,,,,,,,,,,,,,,138
2007,protected,8.8,0.43,0,0,0,0,0.21,,0.15,0,0.09,0,,,,,,,0,0,,,,,,,,,,,,,,,,,0.45,0,0,0,,,,1,0,,,,,,,,,,,,,,1
2007,protected,9.29,0.37,0,0,0,0,0.04,,0.32,0,0,0,,,,,,,0,0,,,,,,,,,,,,,,,,,0.36,0,6,0,,,,75,0,,,,,,,,,,,,,,81
2007,protected,9.3,0.24,0,0,0,0,0,,0.5,0.035,0,0,,,,,,,0,0,,,,,,,,,,,,,,,,,0.535,0,1,0,,,,66,0,,,,,,,,,,,,,,67
2007,protected,9.8,0.2,0,0,0,0,0.09,,0.14,0.01,0,0,,,,,,,0,0,,,,,,,,,,,,,,,,,0.24,0,3,0,,,,69,0,,,,,,,,,,,,,,72
2007,protected,11,0.36,0,0,0,0,0,,0.2,0,0.01,0,,,,,,,0,0,,,,,,,,,,,,,,,,,0.21,0,6,0,,,,27,0,,,,,,,,,,,,,,33
2007,protected,11.55,0.46,0,0,0,0,0.05,,0.33,0.015,0,0,,,,,,,0,0,,,,,,,,,,,,,,,,,0.395,0,2,0,,,,38,0,,,,,,,,,,,,,,40
2007,protected,12.05,0.65,0,0,0,0,0,,0.84,0.24,0,0,,,,,,,0,0,,,,,,,,,,,,,,,,,1.08,0,6,0,,,,55,0,,,,,,,,,,,,,,61
2007,protected,12.55,0.54,0,0,0,0,0.06,,0.5,0.1,0,0,,,,,,,0,0,,,,,,,,,,,,,,,,,0.66,0,0,11,,,,0,0,,,,,,,,,,,,,,11
2007,protected,13,1.02,0,0.02,0.16,0.01,0.12,,0,0.2,0,0,,,,,,,0,0,,,,,,,,,,,,,,,,,0.51,0,0,0,,,,0,0,,,,,,,,,,,,,,0
2007,protected,13.5,0.81,0,0.0002,0,0,0.09,,0.03,0.75,0,0,,,,,,,0,0,,,,,,,,,,,,,,,,,0.8702,0,0,0,,,,0,0,,,,,,,,,,,,,,0
2007,protected,14.55,0.7,0,0,0,0,0.1,,0.2,0.25,0.04,0,,,,,,,0,0,,,,,,,,,,,,,,,,,0.59,0,0,6,,,,0,0,,,,,,,,,,,,,,6
2007,protected,15.05,1,0,0,0,0,0.04,,0.04,0.12,0,0,,,,,,,0,0,,,,,,,,,,,,,,,,,0.2,0,3,0,,,,17,0,,,,,,,,,,,,,,20
2007,protected,15.6,1.35,0,0,0.0151,0,0.1,,0.01,0.19,0,0,,,,,,,0,0,,,,,,,,,,,,,,,,,0.3151,0,0,3,,,,1,0,,,,,,,,,,,,,,4
2007,protected,16.1,1.05,0,0,0,0.01,0.2,,0.15,0.4,0,0,,,,,,,0,0,,,,,,,,,,,,,,,,,0.76,0,0,70,,,,10,0,,,,,,,,,,,,,,80
2007,protected,16.6,1.02,0,0,0,0.02,0.16,,0,0.2,0,0,,,,,,,0.1,0,,,,,,,,,,,,,,,,,0.48,0,0,49,,,,1,0,,,,,,,,,,,,,,50
2007,protected,17.7,1.23,0,0,0.04,0,0.08,,0,0.08,0,0,,,,,,,0,0,,,,,,,,,,,,,,,,,0.2,0,0,0,,,,70,0,,,,,,,,,,,,,,70
2007,protected,18.2,1.625,0.06,0,0,0,0.015,,0,0.035,0,0,,,,,,,0,0,,,,,,,,,,,,,,,,,0.11,0,0,0,,,,0,0,,,,,,,,,,,,,,0
2007,protected,18.7,1.64,0.01,0,0.01,0,0.16,,0,0.16,0.02,0,,,,,,,0,0,,,,,,,,,,,,,,,,,0.36,0,0,0,,,,0,0,,,,,,,,,,,,,,0
2007,protected,19.2,1.66,0.03,0.0025,0.01,0,0.04,,0,0.13,0,0,,,,,,,0,0,,,,,,,,,,,,,,,,,0.2125,0,0,0,,,,0,0,,,,,,,,,,,,,,0
2007,protected,19.55,1.32,0,0,0,0,0.25,,0.08,0.5,0,0,,,,,,,0,0,,,,,,,,,,,,,,,,,0.83,0,0,0,,,,0,0,,,,,,,,,,,,,,0
2007,protected,20.2,1.68,0,0.14,0,0,0,,0,0.12,0,0,,,,,,,0,0,,,,,,,,,,,,,,,,,0.26,0,0,0,,,,0,0,,,,,,,,,,,,,,0
2007,protected,20.65,1.41,0,0.01,0,0,0.06,,0.02,0.08,0,0,,,,,,,0,0,,,,,,,,,,,,,,,,,0.17,0,0,0,,,,0,0,,,,,,,,,,,,,,0
2007,protected,21.1,1.59,0,0.02,0,0,0.02,,0,0.08,0,0,,,,,,,0,0,,,,,,,,,,,,,,,,,0.12,0,1,0,,,,20,0,,,,,,,,,,,,,,21
2007,protected,21.68,1.68,0.02,0.25,0,0,0.01,,0.02,0.01,0,0,,,,,,,0,0,,,,,,,,,,,,,,,,,0.31,0,0,0,,,,0,0,,,,,,,,,,,,,,0
2007,protected,22.3,1.58,0,0.09,0,0,0.02,,0.04,0,0,0,,,,,,,0,0,,,,,,,,,,,,,,,,,0.15,0,0,0,,,,17,0,,,,,,,,,,,,,,17
2008,exposed,14.9,0.655,0,0,0,1,0,,0,0,0,0.02,0,,,0,0.02,0,0,0,,,,,,,,,,,,,,,,,1.04,0,0,0,0,0,0,0,0,,,,,,,,,,,,,,0
2008,exposed,11.1,0.735,0,0,0.1,0,0,,0,0,0,0,0,,,0,0,0,0,0,,,,,,,,,,,,,,,,,0.1,7,0,0,4,0,0,0,0,,,,,,,,,,,,,,11
2008,exposed,10.05,0.915,0.34,0.05,0,0,0,,0,0,0,0,0,,,0,0.04,0,0,0,,,,,,,,,,,,,,,,,0.43,5,0,0,5,0,0,0,0,,,,,,,,,,,,,,10
2008,exposed,10.5,0.915,0,0,0.8,0.02,0,,0,0,0,0,0,,,0,0.02,0,0,0,,,,,,,,,,,,,,,,,0.84,0,0,0,0,0,0,0,0,,,,,,,,,,,,,,0
2008,exposed,8.5,0.925,0,0,0.32,0.01,0,,0,0.03,0,0,0,,,0,0,0,0,0,,,,,,,,,,,,,,,,,0.36,0,0,0,0,0,0,0,0,,,,,,,,,,,,,,0
2008,exposed,11.5,1.145,0.68,0,0,0,0,,0,0.01,0,0,0,,,0,0,0,0,0,,,,,,,,,,,,,,,,,0.69,0,0,0,0,0,0,0,0,,,,,,,,,,,,,,0
2008,exposed,14.4,1.225,0,0,0,1,0,,0,0,0,0,0,,,0,0,0,0,0,,,,,,,,,,,,,,,,,1,0,0,0,0,0,0,0,0,,,,,,,,,,,,,,0
2008,exposed,9.5,1.315,0,0,0.95,0.06,0,,0,0.03,0,0,0,,,0,0,0,0,0,,,,,,,,,,,,,,,,,1.04,1,0,0,0,0,0,0,0,,,,,,,,,,,,,,1
2008,exposed,8.925,1.445,0,0,0.6,0.25,0,,0,0.08,0,0,0,,,0,0,0,0,0,,,,,,,,,,,,,,,,,0.93,2,0,0,0,0,0,0,0,,,,,,,,,,,,,,2
2008,exposed,13.9,1.505,0,0,0,0.98,0,,0,0,0,0,0,,,0,0,0,0,0,,,,,,,,,,,,,,,,,0.98,0,0,0,0,0,0,0,0,,,,,,,,,,,,,,0
2008,exposed,12.2,1.585,0,0,0.01,0.62,0,,0,0,0,0,0,,,0,0,0,0,0,,,,,,,,,,,,,,,,,0.63,0,0,0,0,0,0,0,0,,,,,,,,,,,,,,0
2008,exposed,13.45,1.695,0,0,0,1,0,,0,0,0,0.02,0,,,0,0,0,0,0,,,,,,,,,,,,,,,,,1.02,0,0,0,0,0,0,0,0,,,,,,,,,,,,,,0
2008,exposed,6.8,1.765,0,0,0.15,0.6,0,,0,0.06,0.01,0,0,,,0,0,0,0,0,,,,,,,,,,,,,,,,,0.82,2,0,0,0,0,0,0,0,,,,,,,,,,,,,,2
2008,exposed,7.575,1.765,0,0,0,0.89,0,,0,0.01,0,0,0,,,0,0,0,0,0,,,,,,,,,,,,,,,,,0.9,4,0,0,0,0,0,0,0,,,,,,,,,,,,,,4
2008,exposed,7.3,1.805,0,0,0.12,0.75,0,,0,0.04,0,0,0,,,0,0,0,0,0,,,,,,,,,,,,,,,,,0.91,0,0,0,0,0,0,0,0,,,,,,,,,,,,,,0
2008,exposed,12.85,1.865,0,0,0,1,0,,0,0,0,0.01,0,,,0,0,0,0,0,,,,,,,,,,,,,,,,,1.01,0,0,0,0,0,0,0,0,,,,,,,,,,,,,,0
2008,exposed,5.45,2.015,0.03,0,0.04,0.04,0,,0,0,0.02,0,0,,,0,0,0,0,0,,,,,,,,,,,,,,,,,0.13,0,0,0,0,20,0,0,0,,,,,,,,,,,,,,20
2008,exposed,6.5,2.245,0.05,0.005,0,0.08,0.03,,0,0.01,0,0,0,,,0,0,0,0,0,,,,,,,,,,,,,,,,,0.175,0,0,0,0,0,0,0,0,,,,,,,,,,,,,,0
2008,exposed,3.3,2.375,0,0,0,0.02,0,,0,0,0,0,0,,,0.1,0,0,0,0,,,,,,,,,,,,,,,,,0.12,0,0,0,0,40,0,0,0,,,,,,,,,,,,,,40
2008,exposed,5.95,2.375,0.03,0.01,0.01,0.09,0,,0,0.05,0.075,0,0,,,0,0,0,0,0,,,,,,,,,,,,,,,,,0.265,0,0,0,0,0,0,0,0,,,,,,,,,,,,,,0
2008,exposed,3.81,2.525,0.01,0.005,0,0.005,0.01,,0,0,0,0,0,,,0,0,0,0,0,,,,,,,,,,,,,,,,,0.03,0,0,0,0,30,0,13,0,,,,,,,,,,,,,,43
2008,exposed,4.45,2.605,0.04,0,0,0.02,0,,0,0,0,0,0,,,0,0,0,0,0,,,,,,,,,,,,,,,,,0.06,0,0,0,0,20,0,10,0,,,,,,,,,,,,,,30
2008,exposed,2.2,3.055,0,0.01,0,0.01,0,,0,0,0,0,0,,,0.08,0,0,0,0,,,,,,,,,,,,,,,,,0.1,0,0,0,0,52,0,0,0,,,,,,,,,,,,,,52
2008,exposed,2.7,3.305,0,0.01,0,0,0,,0,0,0,0,0,,,0,0,0,0,0,,,,,,,,,,,,,,,,,0.01,0,0,0,0,40,0,0,0,,,,,,,,,,,,,,40
2008,exposed,1.65,3.525,0,0,0,0,0,,0,0,0,0,0,,,0.02,0,0,0,0,,,,,,,,,,,,,,,,,0.02,0,0,0,0,40,0,0,0,,,,,,,,,,,,,,40
2008,protected,22.4,0.06,0,0,0,0,0,,0.05,0,0,0,0.02,,,0,0,0,0,0.12,,,,,,,,,,,,,,,,,0.19,0,0,0,1,0,0,218,0,,,,,,,,,,,,,,219
2008,protected,17.18,0.11,0,0,0,0,0,,0.02,0,0,0,0.02,,,0,0,0,0,0,,,,,,,,,,,,,,,,,0.04,0,2,0,2,0,0,236,0,,,,,,,,,,,,,,240
2008,protected,12.37,0.27,0,0,0,0,0.08,,0.27,0.01,0,0,0,,,0,0,0,0,0,,,,,,,,,,,,,,,,,0.36,0,3,0,0,0,3,190,0,,,,,,,,,,,,,,196
2008,protected,9.42,0.83,0,0,0.01,0,0.07,,0.15,0.08,0.2,0,0,,,0,0,0,0,0,,,,,,,,,,,,,,,,,0.51,0,0,0,0,0,0,40,0,,,,,,,,,,,,,,40
2008,protected,6.11,1.44,0.01,0.25,0.01,0,0.07,,0.08,0.18,0,0,0,,,0,0,0,0,0,,,,,,,,,,,,,,,,,0.6,0,0,0,0,0,9,0,0,,,,,,,,,,,,,,9
2008,protected,2.54,1.86,0,0.1,0,0,0,,0.04,0,0,0,0,,,0,0,0,0,0,,,,,,,,,,,,,,,,,0.14,0,0,0,0,40,0,0,0,,,,,,,,,,,,,,40
2008,protected,15.3,0.18,0,0,0,0,0.11,,0.5,0,0,0,0.02,,,0,0,0,0,0,,,,,,,,,,,,,,,,,0.63,0,5,0,3,0,0,113,0,,,,,,,,,,,,,,121
2008,protected,3.66,1.4,0.0025,0.6,0.001,0,0,,0.14,0,0,0,0,,,0,0,0,0,0,,,,,,,,,,,,,,,,,0.7435,0,0,0,0,0,0,0,0,,,,,,,,,,,,,,0
2008,protected,21.95,-0.04,0,0,0,0,0,,0.08,0,0,0,0.06,,,0,0,0,0,0.24,,,,,,,,,,,,,,,,,0.38,0,0,0,0,0,0,83,0,,,,,,,,,,,,,,83
2008,protected,4.92,1.2,0,0.08,0.02,0,0.01,,0,0.08,0,0,0,,,0,0,0,0,0,,,,,,,,,,,,,,,,,0.19,0,0,0,0,0,0,60,0,,,,,,,,,,,,,,60
2008,protected,18,0.2,0,0,0,0,0.08,,0.0025,0.06,0,0,0.12,,,0,0,0,0,0.03,,,,,,,,,,,,,,,,,0.2925,0,0,0,0,0,0,41,0,,,,,,,,,,,,,,41
2008,protected,15.52,0.29,0,0,0,0,0.2,,0.03,0,0,0,0.18,,,0,0,0,0,0,,,,,,,,,,,,,,,,,0.41,0,2,0,0,0,0,136,0,,,,,,,,,,,,,,138
2008,protected,14,0.26,0,0,0,0,0.03,,0.1,0,0,0,0.03,,,0,0,0,0,0,,,,,,,,,,,,,,,,,0.16,0,4,0,0,0,0,138,0,,,,,,,,,,,,,,142
2008,protected,12.95,0.25,0,0,0,0,0.2,,0.04,0,0,0,0.24,,,0,0,0,0,0,,,,,,,,,,,,,,,,,0.48,0,3,2,0,0,0,132,0,,,,,,,,,,,,,,137
2008,protected,10.86,0.4,0,0,0,0,0.06,,0.64,0,0,0,0,,,0,0,0,0,0,,,,,,,,,,,,,,,,,0.7,0,1,20,0,0,0,10,0,,,,,,,,,,,,,,31
2008,protected,9.83,0.4,0,0,0,0,0.02,,0.2,0.1,0,0,0,,,0,0,0,0,0,,,,,,,,,,,,,,,,,0.32,0,2,2,0,0,0,110,0,,,,,,,,,,,,,,114
2008,protected,7.48,1.25,0,0,0.1,0,0.12,,0.04,0.2,0,0,0,,,0,0,0,0,0,,,,,,,,,,,,,,,,,0.46,0,0,0,0,0,0,10,0,,,,,,,,,,,,,,10
2008,protected,10.21,0.93,0,0,0,0,0.2,,0,0.16,0,0,0,,,0,0,0,0,0,,,,,,,,,,,,,,,,,0.36,0,0,0,0,0,0,20,0,,,,,,,,,,,,,,20
2008,protected,8,0.9,0,0,0,0,0.16,,0.12,0.5,0,0,0,,,0,0,0,0,0,,,,,,,,,,,,,,,,,0.78,0,0,2,0,0,0,50,0,,,,,,,,,,,,,,52
2008,protected,21.43,-0.08,0,0,0,0,0,,0,0,0,0,0,,,0,0,0,0,0.16,,,,,,,,,,,,,,,,,0.16,0,0,0,0,0,0,63,0,,,,,,,,,,,,,,63
2008,protected,19.58,0.1,0,0,0,0,0,,0,0,0,0,0,,,0,0,0,0,0.2,,,,,,,,,,,,,,,,,0.2,0,0,0,0,0,0,127,0,,,,,,,,,,,,,,127
2008,protected,16.64,0.07,0,0,0,0,0,,0.06,0.02,0,0,0,,,0,0,0,0,0.04,,,,,,,,,,,,,,,,,0.12,0,1,0,0,0,0,118,1,,,,,,,,,,,,,,120
2008,protected,16.5,0.14,0,0,0,0,0,,0.04,0.06,0,0,0.28,,,0,0,0,0,0,,,,,,,,,,,,,,,,,0.38,0,1,0,0,0,0,167,0,,,,,,,,,,,,,,168
2008,protected,14.5,0.28,0,0,0,0,0,,0,0.04,0,0,0.24,,,0,0,0,0,0,,,,,,,,,,,,,,,,,0.28,0,2,0,0,0,0,124,0,,,,,,,,,,,,,,126
2008,protected,13.48,0.24,0,0,0,0,0,,0.06,0,0,0,0,,,0,0,0,0,0,,,,,,,,,,,,,,,,,0.06,0,1,0,3,0,0,170,0,,,,,,,,,,,,,,174
2008,protected,11.88,0.46,0,0,0,0,0,,0.48,0.2,0,0,0,,,0,0,0,0,0,,,,,,,,,,,,,,,,,0.68,0,2,0,0,0,0,41,0,,,,,,,,,,,,,,43
2008,protected,11.35,0.48,0,0,0,0,0,,0.92,0.1,0,0,0,,,0,0,0,0,0,,,,,,,,,,,,,,,,,1.02,0,3,0,0,0,0,130,0,,,,,,,,,,,,,,133
2008,protected,6.6,1.68,0.04,0.02,0,0,0,,0,0,0,0,0,,,0,0,0,0,0,,,,,,,,,,,,,,,,,0.06,0,0,0,0,0,0,0,0,,,,,,,,,,,,,,0
2008,protected,5.66,1.38,0,0,0,0,0.12,,0.84,0.24,0,0,0,,,0,0,0,0,0,,,,,,,,,,,,,,,,,1.2,0,0,0,0,0,4,7,0,,,,,,,,,,,,,,11
2008,protected,4.46,1.39,0,0.08,0,0,0.04,,0.12,0.04,0,0,0,,,0,0,0,0,0,,,,,,,,,,,,,,,,,0.28,0,0,0,0,0,0,18,0,,,,,,,,,,,,,,18
2008,protected,2.13,1.6,0,0.24,0,0,0,,0.16,0,0,0,0,,,0,0,0,0,0,,,,,,,,,,,,,,,,,0.4,0,0,0,0,0,0,43,0,,,,,,,,,,,,,,43
2009,protected,0.00,2.77,0,0,0,0,0,,0,0,0,,0,0,0,0,,,,0,,,,,,,,,,,,,,,,,0,0,0,,0,0,0,0,0,,,,,,,,,,,,,,0
2009,protected,1.40,2.21,0,0,0,0,0,,0,0,0,,0,0,0,0,,,,0,,,,,,,,,,,,,,,,,0,0,0,,0,45,0,0,0,,,,,,,,,,,,,,45
2009,protected,2.28,1.88,0.05,0.05,0,0,0,,0,0,0,,0,0,0,0,,,,0,,,,,,,,,,,,,,,,,0.1,0,0,,0,36,5,0,0,,,,,,,,,,,,,,41
2009,protected,4.00,1.63,0.01,0.3,0,0,0.02,,0,0,0,,0,0,0,0,,,,0,,,,,,,,,,,,,,,,,0.33,0,0,,0,0,0,18,0,,,,,,,,,,,,,,18
2009,protected,4.90,1.48,0.005,0.005,0,0,0.05,,0,0.4,0,,0,0,0.01,0.06,,,,0,,,,,,,,,,,,,,,,,0.53,0,0,,0,0,0,0,0,,,,,,,,,,,,,,0
2009,protected,6.78,1.58,0.04,0.015,0,0,0.005,,0,0.01,0,,0,0,0,0,,,,0,,,,,,,,,,,,,,,,,0.07,0,0,,0,0,7,0,0,,,,,,,,,,,,,,7
2009,protected,7.17,1.46,0.01,0,0.04,0,0.22,,0.08,0.23,0,,0,0,0.05,0,,,,0,,,,,,,,,,,,,,,,,0.63,0,0,,0,0,0,0,0,,,,,,,,,,,,,,0
2009,protected,9.12,1.04,0,0,0,0,0.2,,0,0.6,0.25,,0,0,0,0,,,,0,,,,,,,,,,,,,,,,,1.05,0,4,,0,0,0,60,0,,,,,,,,,,,,,,64
2009,protected,10.06,0.45,0,0,0,0,0.02,,0.2,0.02,0.16,,0,0,0,0,,,,0,,,,,,,,,,,,,,,,,0.4,0,2,,0,0,0,62,0,,,,,,,,,,,,,,64
2009,protected,11.00,0.34,0,0,0,0,0.08,,0.32,0,0.04,,0.04,0,0,0,,,,0,,,,,,,,,,,,,,,,,0.48,0,3,,0,0,0,85,0,,,,,,,,,,,,,,88
2009,protected,11.50,0.55,0,0,0,0,0.05,,0.4,0.13,0,,0,0,0,0,,,,0,,,,,,,,,,,,,,,,,0.58,0,8,,0,0,0,55,0,,,,,,,,,,,,,,63
2009,protected,13.26,0.35,0,0,0,0.01,0.57,,0.03,0.15,0,,0.02,0,0,0,,,,0,,,,,,,,,,,,,,,,,0.78,0,1,,0,0,0,72,0,,,,,,,,,,,,,,73
2009,protected,14.34,0.18,0,0,0,0,0.18,,0.2,0.12,0.06,,0,0,0,0,,,,0,,,,,,,,,,,,,,,,,0.56,0,2,,4,0,0,96,0,,,,,,,,,,,,,,102
2009,protected,15.32,0.20,0,0,0,0,0.17,,0,0.04,0,,0.08,0,0,0,,,,0,,,,,,,,,,,,,,,,,0.29,0,4,,0,0,0,75,0,,,,,,,,,,,,,,79
2009,protected,16.36,0.28,0,0,0,0,0.1,,0.01,0.04,0.02,,0.18,0.08,0,0,,,,0,,,,,,,,,,,,,,,,,0.43,0,0,,0,0,0,121,0,,,,,,,,,,,,,,121
2009,protected,17.43,0.05,0,0,0,0,0,,0.04,0,0,,0.4,0.04,0,0,,,,0,,,,,,,,,,,,,,,,,0.48,0,1,,0,0,0,40,0,,,,,,,,,,,,,,41
2009,protected,18.00,0.23,0,0,0,0,0.05,,0.01,0.03,0,,0.1,0,0,0.06,,,,0.005,,,,,,,,,,,,,,,,,0.255,0,2,,0,0,0,33,0,,,,,,,,,,,,,,35
2009,protected,20.00,-0.05,0,0,0,0,0,,0,0.33,0,,0,0,0,0,,,,0.01,,,,,,,,,,,,,,,,,0.34,0,0,,0,0,0,55,0,,,,,,,,,,,,,,55
2009,protected,21.50,0.02,0,0,0,0,0.01,,0,0,0,,0.06,0,0,0,,,,0.06,,,,,,,,,,,,,,,,,0.13,0,1,,0,0,0,15,0,,,,,,,,,,,,,,16
2009,protected,22.00,0.01,0,0,0,0,0,,0,0,0,,0.1,0,0,0,,,,0.56,,,,,,,,,,,,,,,,,0.66,0,0,,0,0,0,42,0,,,,,,,,,,,,,,42
2009,protected,23.05,-0.09,0,0,0,0,0,,0,0,0,,0.16,0,0,0,,,,0.2,,,,,,,,,,,,,,,,,0.36,0,0,,0,0,0,48,1,,,,,,,,,,,,,,49
2009,exposed,2.5,3.335,0,0,0,0,0,,0.24,0,,,,,,0.16,,0,,,,,,,,,,,,,,,,,,,0.4,0,,,,18,4,,,,,,,,,,,,,,,,22
2009,exposed,3.62,3.03,0.08,0,0,0,0,,0.24,0,,,,,,0,,0,,,,,,,,,,,,,,,,,,,0.32,0,,,,15,5,,,,,,,,,,,,,,,,20
2009,exposed,3.7,2.75,0.001,0.05,0,0.5,0,,0,0,,,,,,0.04,,0,,,,,,,,,,,,,,,,,,,0.591,0,,,,9,6,,,,,,,,,,,,,,,,15
2009,exposed,4.3,2.58,0.01,0.02,0,0.5,0,,0.1,0,,,,,,0.1,,0,,,,,,,,,,,,,,,,,,,0.73,0,,,,0,18,,,,,,,,,,,,,,,,18
2009,exposed,4.9,2.425,0,0.05,0,0,0,,0.04,0,,,,,,0.02,,0,,,,,,,,,,,,,,,,,,,0.11,0,,,,2,1,,,,,,,,,,,,,,,,3
2009,exposed,5.5,2.55,0.02,0.03,0,0.01,0.04,,0.01,0.01,,,,,,0.04,,0,,,,,,,,,,,,,,,,,,,0.16,0,,,,0,3,,,,,,,,,,,,,,,,3
2009,exposed,6,2.42,0.04,0,0,0,0.01,,0,0.5,,,,,,0,,0,,,,,,,,,,,,,,,,,,,0.55,0,,,,0,2,,,,,,,,,,,,,,,,2
2009,exposed,6.5,2.195,0.08,0,0,0.2,0.03,,0.03,0.08,,,,,,0.02,,0,,,,,,,,,,,,,,,,,,,0.44,0,,,,0,0,,,,,,,,,,,,,,,,0
2009,exposed,7,1.975,0.01,0.01,0,0.05,0.01,,0,0.02,,,,,,0.3,,0,,,,,,,,,,,,,,,,,,,0.4,0,,,,1,0,,,,,,,,,,,,,,,,1
2009,exposed,7.5,1.445,0.01,0.02,0,0.8,0,,0,0.04,,,,,,0.02,,0,,,,,,,,,,,,,,,,,,,0.89,5,,,,0,2,,,,,,,,,,,,,,,,7
2009,exposed,8.1,1.775,0,0,0,1,0.01,,0,0.05,,,,,,0.32,,0,,,,,,,,,,,,,,,,,,,1.38,0,,,,0,0,,,,,,,,,,,,,,,,0
2009,exposed,9.12,1.415,0.32,0,0,0.42,0,,0.1,0.03,,,,,,0,,0.03,,,,,,,,,,,,,,,,,,,0.9,0,,,,0,0,,,,,,,,,,,,,,,,0
2009,exposed,9.63,1.09,0.2,0,0.1,0.06,0,,0.015,0.01,,,,,,0,,0,,,,,,,,,,,,,,,,,,,0.385,5,,,,0,0,,,,,,,,,,,,,,,,5
2009,exposed,10.12,1.225,0.3,0,0.24,0.03,0,,0.04,0.02,,,,,,0,,0,,,,,,,,,,,,,,,,,,,0.63,1,,,,0,0,,,,,,,,,,,,,,,,1
2009,exposed,10.67,1.27,0.04,0,0.5,0.15,0,,0,0.03,,,,,,0,,0,,,,,,,,,,,,,,,,,,,0.72,1,,,,0,0,,,,,,,,,,,,,,,,1
2009,exposed,11.1,0.925,0,0,0.3,0.03,0,,0,0,,,,,,0,,0,,,,,,,,,,,,,,,,,,,0.33,4,,,,0,0,,,,,,,,,,,,,,,,4
2009,exposed,11.6,0.86,0.04,0.005,0.5,0.08,0,,0,0.04,,,,,,0,,0,,,,,,,,,,,,,,,,,,,0.665,0,,,,0,0,,,,,,,,,,,,,,,,0
2009,exposed,12.5,0.705,0.01,0,0.01,0.01,0,,0.04,0.02,,,,,,0,,0,,,,,,,,,,,,,,,,,,,0.09,3,,,,0,0,,,,,,,,,,,,,,,,3
2009,exposed,12.67,0.63,0.02,0,0.01,0,0,,0,0,,,,,,0,,0,,,,,,,,,,,,,,,,,,,0.03,14,,,,0,0,,,,,,,,,,,,,,,,14
2009,exposed,13.2,1.06,0.04,0,0.25,0.01,0,,0,0,,,,,,0,,0,,,,,,,,,,,,,,,,,,,0.3,0,,,,0,0,,,,,,,,,,,,,,,,0
2009,exposed,13.67,1.59,0,0,0.12,0.65,0,,0,0,,,,,,0,,0,,,,,,,,,,,,,,,,,,,0.77,0,,,,0,0,,,,,,,,,,,,,,,,0
2009,exposed,14.14,1.78,0,0,0,1,0,,0,0,,,,,,0,,0,,,,,,,,,,,,,,,,,,,1,0,,,,0,0,,,,,,,,,,,,,,,,0
2009,exposed,14.67,1.545,0,0,0.02,1,0,,0,0,,,,,,0,,0,,,,,,,,,,,,,,,,,,,1.02,0,,,,0,0,,,,,,,,,,,,,,,,0
2010,exposed,12,0.81,0.01,0.04,0.12,0,0,,0,0.03,,,,,,,,,,,,,,,,,,,,,,,,,,,0.2,12,,0,,,,,,,,,,,,,,,,,,,12
2010,exposed,16,0.9,0.09,0,0,0.16,0,,0,0,,,,,0.2,,0.9,,,,,,,,,,,,,,,,,,,,1.35,0,0,5,,,,,,,,,,,,,,,,,,,5
2010,exposed,17,0.925,0.03,0,0,0.16,0,,0,0,,,,,0.68,,0.06,,,,,,,,,,,,,,,,,,,,0.93,,0,7,,,,,,,,,,,,,,,,,,,7
2010,exposed,16.5,0.98,0.08,0,0,0.28,0,,0,0,,,,,0.5,,0.04,,,,,,,,,,,,,,,,,,,,0.9,,0,4,0,,,,,,,,,,,,,,,,,,4
2010,exposed,11,1,0,0,0.64,0.04,0,,0,0,,,0,,,,,,,,,,,,,,,,,,,,,,,,0.68,,0,0,0,,,,,,,,,,,,,,,,,,0
2010,exposed,15.5,1.13,0,0,0.01,0.88,0,,0,0,,,0,,0.4,,,,,,,,,,,,,,,,,,,,,,1.29,,0,,0,,,,,,,,,,,,,,,,,,0
2010,exposed,10.5,1.16,0,0,0.2,0.01,0,,0,0,,,0,,0.55,,,,,,,,,,,,,,,,,,,,,,0.76,,0,,0,,,,,,,,,,,,,,,,,,0
2010,exposed,12.5,1.22,0.25,0.2,0.5,0,0,,0,0,,,0,,,,,,,,,,,,,,,,,,,,,,,,0.95,,,,0,,,,1,,,,,,,,,,,,,,1
2010,exposed,15,1.37,0,0,0,1,0,,0,0,,,0,,0.16,,,,,,,,,,,,,,,,,,,,,,1.16,0,,,0,,,,,,,,,,,,,,,,,,0
2010,exposed,10,1.42,0,0,0.2,0.04,0,,0.005,0,,,,,0.1,,,,,,,,,,,,,,,,,,,,,,0.345,4,,,0,,,,,,,,,,,,,,,,,,4
2010,exposed,9.5,1.43,0.01,0,0.4,0.16,0,,0,0,,,,,,,,,,,,,,,,,,,,,,,,,,,0.57,0,,,,,,,,,,,,,,,,,,,,,0
2010,exposed,9,1.49,0,0,0.65,0.18,0,,0,0.08,,,,,0.055,,,,,,,,,,,,,,,,,,,,,,0.965,3,,,,,,,,,,,,,,,,,,,,,3
2010,exposed,14,1.59,0.04,0.02,0,0.52,0,,0,0,,,,,0.2,,,,,,,,,,,,,,,,,,,,,,0.78,2,,,,,,,,,,,,,,,,,,,,,2
2010,exposed,8.5,1.715,0.04,0.24,0,0.64,0,,0.06,0.02,,,,,0.02,,,,,,,,,,,,,,,,,,,,,,1.02,2,,,,,,,,,,,,,,,,,,,,,2
2010,exposed,13,1.8,0.16,0,0.01,0.96,0,,0,0,,,,,,,,,,,,,,,,,,,,,,,,,,,1.13,0,,,,,,,,,,,,,,,,,,,,,0
2010,exposed,8,1.95,0.02,0.0025,0,0.85,0,,0.005,0.0025,,,,,,,,,,,,,,,,,,,,,,,,,,,0.88,4,,,,,,,,,,,,,,,,,,,,,4
2010,exposed,7.5,1.96,0.01,0,0,0.81,0,,0,0.01,,,,,,,,,,,,,,,,,,,,,,,,,,,0.83,0,,,,,,,,,,,,,,,,,,,,,0
2010,exposed,7,2.03,0.04,0.02,0,0.32,0.04,,0,0.28,,,,,,,,,,,,,,,,,,,,,,,,,,,0.7,15,,,,,,,,,,,,,,,,,,,,,15
2010,exposed,13.5,2.04,0.01,0,0,1,0,,0,0,,,,,,,,,,,,,,,,,,,,,,,,,,,1.01,0,,,,,,,,,,,,,,,,,,,,,0
2010,exposed,6.5,2.59,0,0,0.01,0.12,0,,0,0.1,,,,,,,,,,,,,,,,,,,,,,,,,,,0.23,,,,,0,,,,,,,,,,,,,,,,,0
2010,exposed,6,2.65,0.08,0.01,0,0.08,0.04,,0,0.16,,,,,,,,,,,,,,,,,,,,,,,,,,,0.37,,,,,1,,,,,,,,,,,,,,,,,1
2010,exposed,5,2.77,0.04,0.36,0,0,0.02,,0,0,,,,,,,,,,,,,,,,,,,,,,,,,,,0.42,,,,,4,,0,,,,,,,,,,,,,,,4
2010,exposed,4,2.8,0.02,0.04,0,0,0.01,,0,0,,,,,,,,,,,,,,,,,,,,,,,,,,,0.07,,,,,22,0,2,,,,,,,,,,,,,,,24
2010,exposed,4.5,2.82,0.02,0.06,0,0,0.01,,0,0,,,,,,,,,,,,,,,,,,,,,,,,,,,0.09,,,,,3,2,1,,,,,,,,,,,,,,,6
2010,exposed,5.5,2.95,0,0.04,0,0,0,,0.01,0,,,,,,,,,,,,,,,,,,,,,,,,,,,0.05,,,,,2,1,0,,,,,,,,,,,,,,,3
2010,exposed,3,3.16,0,0,0,0,0,,0,0,,,,,,,,,,,,,,,,,,,,,,,,,,,0,,,,,13,0,,,,,,,,,,,,,,,,13
2010,exposed,3.5,3.22,0,0,0,0,0,,0,0,,,,,,,,,,,,,,,,,,,,,,,,,,,0,,,,,0,0,,,,,,,,,,,,,,,,0
2010,exposed,2.5,3.37,0,0,0,0,0,,0,0,,,,,,,,,,,,,,,,,,,,,,,,,,,0,,,,,5,4,,,,,,,,,,,,,,,,9
2010,exposed,1.5,3.58,0,0,0,0,0,,0,0,,,,,,,,,,,,,,,,,,,,,,,,,,,0,,,,,6,0,,,,,,,,,,,,,,,,6
2010,exposed,2,3.77,0,0,0,0.01,0,,0,0,0,,,,,,,,,,,,,,,,,,,,,,,,,,0.01,,,,,22,2,,,,,,,,,,,,,,,,24
2010,exposed,1,3.82,0,0,0,0,0,,0,0,0,,,,,,,,,,,,,,,,,,,,,,,,,,0,,,,,0,0,,,,,,,,,,,,,,,,0
2010,exposed,0.5,4.15,0,0,0,0,0,,0,0,0,,,,,,,,,0,,,,,,,,,,,,,,,,,0,,,,,3,1,,,,,,,,,,,,,,,,4
2010,protected,22.5,-0.18,0,0,0,0,0,,0,0,0,,0,,,,,,,0.9,,,,,,,,,,,,,,,,,0.9,,0,,0,0,0,0,60,,,,,,,,,,,,,,60
2010,protected,20.5,-0.08,0,0,0,0,0,,0.04,0,0,,0.12,,0.16,,,,,0.4,,,,,,,,,,,,,,,,,0.72,,2,,1,0,,10,,,,,,,,,,,,,,,13
2010,protected,21,-0.08,0,0,0,0,0,,0,0,0,,0,,,,,,,0.5,,,,,,,,,,,,,,,,,0.5,,0,,0,,,35,,,,,,,,,,,,,,,35
2010,protected,20,-0.03,0,0,0,0,0,,0,0,0,,0,0,,,,,,1,,,,,,,,,,,,,,,,,1,,0,,,,,32,,,,,,,,,,,,,,,32
2010,protected,19.5,-0.02,0,0,0,0,0,,0,0,0,,0.2,0.2,0.2,,,,,0,,,,,,,,,,,,,,,,,0.6,0,2,,,,,52,,,,,,,,,,,,,,,54
2010,protected,18,0.03,0,0,0,0,0,,0,0,0,,0.04,0,,,,,,0.6,,,,,,,,,,,,,,,,,0.64,0,1,,,,,14,,,,,,,,,,,,,,,15
2010,protected,21.5,0.04,0,0,0,0,0.01,,0,0,,,0,,,,,,,0.97,,,,,,,,,,,,,,,,,0.98,0,0,,0,,,80,,,,,,,,,,,,,,,80
2010,protected,22,0.05,0,0,0,0,0.01,,0,0.01,,,0,,,,,,,0.8,,,,,,,,,,,,,,,,,0.82,,0,,6,,,150,,,,,,,,,,,,,,,156
2010,protected,17.5,0.06,0,0,0,0,0,,0,0,,,0.2,0,,,,,,0.32,,,,,,,,,,,,,,,,,0.52,0,2,,0,,,12,,,,,,,,,,,,,,,14
2010,protected,19,0.06,0,0,0,0,0,,0.2,0,,,0.08,0.12,,,,,,0.01,,,,,,,,,,,,,,,,,0.41,0,4,,,,,93,,,,,,,,,,,,,,,97
2010,protected,18.5,0.07,0,0,0,0,0,,0,0,,,0.16,0,,,,,,0,,,,,,,,,,,,,,,,,0.16,0,2,,,,,37,,,,,,,,,,,,,,,39
2010,protected,17,0.08,0,0,0,0,0,,0,0,,,0.2,,,,,,,,,,,,,,,,,,,,,,,,0.2,0,1,,,,,143,,,,,,,,,,,,,,,144
2010,protected,15.5,0.12,0,0,0,0,0.01,,0,0,,,0.28,,,,,,,,,,,,,,,,,,,,,,,,0.29,0,1,,,,,46,,,,,,,,,,,,,,,47
2010,protected,14.5,0.14,0,0,0,0,0.04,,0,0,,,0.12,,,,,,,,,,,,,,,,,,,,,,,,0.16,0,3,,,,,6,,,,,,,,,,,,,,,9
2010,protected,16.5,0.16,0,0,0,0,0,,0,0,,,0.2,,,,,,,,,,,,,,,,,,,,,,,,0.2,0,1,,,,,125,,,,,,,,,,,,,,,126
2010,protected,14,0.17,0,0,0,0,0,,0,0,,,0,,,,,,,0,,,,,,,,,,,,,,,,,0,0,0,,,,,0,,,,,,,,,,,,,,,0
2010,protected,15,0.17,0,0,0,0,0,,0,0,,,0.28,0,,,,,,0,,,,,,,,,,,,,,,,,0.28,0,5,,,,,74,,,,,,,,,,,,,,,79
2010,protected,13,0.22,0,0,0,0,0.055,,0.08,0.03,,,0,0.04,,,,,,0.005,,,,,,,,,,,,,,,,,0.21,0,1,,,,,85,,,,,,,,,,,,,,,86
2010,protected,13.5,0.25,0,0,0,0,0,,0,0,,,0.16,0,,,,,,0,,,,,,,,,,,,,,,,,0.16,,1,,,,,6,,,,,,,,,,,,,,,7
2010,protected,12.5,0.37,0,0,0,0,0.16,,0.58,0.06,,,0,,,,,,,,,,,,,,,,,,,,,,,,0.8,,2,0,,,,92,,,,,,,,,,,,,,,94
2010,protected,11.5,0.4,0,0,0,0,0,,0.64,0.04,,,0.08,,,,,,,,,,,,,,,,,,,,,,,,0.76,0,0,4,,,,24,,,,,,,,,,,,,,,28
2010,protected,16,0.4,0,0,0,0,0,,0,0,,,0.84,,,,,,,,,,,,,,,,,,,,,,,,0.84,0,2,0,,,,130,,,,,,,,,,,,,,,132
2010,protected,12,0.5,0,0,0,0,0.05,,0.47,0.2,0,,0,,,,,,,,,,,,,,,,,,,,,,,,0.72,0,3,0,,0,,37,0,,,,,,,,,,,,,,40
2010,protected,10,0.56,0,0,0,0,0.04,,0,0.16,0,,0.02,,,,,,,,,,,,,,,,,,,,,,,,0.22,0,1,15,,1,,0,11,,,,,,,,,,,,,,28
2010,protected,8.5,0.76,0,0,0,0,0.16,,0.06,0.36,0,,0,,,,,,,,,,,,,,,,,,,,,,,,0.58,0,0,4,,0,,83,0,,,,,,,,,,,,,,87
2010,protected,9.5,0.83,0,0,0,0,0,,0.75,0.16,0,,,,,,,,,,,,,,,,,,,,,,,,,,0.91,,0,2,,,,0,51,,,,,,,,,,,,,,53
2010,protected,11,0.88,0,0,0,0,0.28,,0,0.6,0,,,,,,,,,,,,,,,,,,,,,,,,,,0.88,,4,0,,,,3,0,,,,,,,,,,,,,,7
2010,protected,8,0.98,0,0,0,0,0.4,,0.01,0.16,0,,,,,,,,0.01,,,,,,,,,,,,,,,,,,0.58,,0,6,,,,26,,,,,,,,,,,,,,,32
2010,protected,9,1.11,0,0,0,0,0.35,,0,0.165,0,,,,,,,,,,,,,,,,,,,,,,,,,,0.515,,,0,,,,19,,,,,,,,,,,,,,,19
2010,protected,5,1.15,0,0,0,0,0.11,,0,0.16,0,,,,0.05,,,,,,,,,,,,,,,,,,,,,,0.32,,,,,,,51,,,,,,,,,,,,,,,51
2010,protected,6,1.25,0,0,0.005,0,0.12,,0.03,0.15,0,,0,,,,,,,,,,,,,,,,,,,,,,,,0.305,0,0,,,,,0,,,,,,,,,,,,,,,0
2010,protected,4.5,1.32,0,0,0,0,0.5,,0,0,,,0.5,,,,,,,,,,,,,,,,,,,,,,,,1,0,1,,,,,,,,,,,,,,,,,,,,1
2010,protected,7,1.34,0,0,0.01,0,0.44,,0,0.24,,,0,,,,,,,,,,,,,,,,,,,,,,,,0.69,0,0,,,,,,,,,,,,,,,,,,,,0
2010,protected,6.5,1.59,0,0.04,0,0,0.04,,0,0.04,,,,,,,,,,,,,,,,,,,,,,,,,,,0.12,,,,,,,,,,,,,,,,,,,,,,0
2010,protected,7.5,1.595,0.01,0,0,0.02,0.03,,0,0.04,,,,,,,,,,,,,,,,,,,,,,,,,,,0.1,,,,,,,,,,,,,,,,,,,,,,0
2010,protected,4,1.6,0,0.4,0,0,0.04,,0,0,,,,,,,,,,,,,,,,,,,,,,,,,,,0.44,,,,,11,,18,,,,,,,,,,,,,,,29
2010,protected,5.5,1.6,0,0.04,0,0,0.03,,0,0.04,,,,,,,,,,,,,,,,,,,,,,,,,,,0.11,,,,,0,,0,,,,,,,,,,,,,,,0
2010,protected,3,1.67,0.04,0,0,0,0,,0.005,0,,,,,,,,,,,,,,,,,,,,,,,,,,,0.045,,,,,29,,0,,,,,,,,,,,,,,,29
2010,protected,3.5,1.69,0,0.2,0,0,0,,0,0,,,,,,,,,,,,,,,,,,,,,,,,,,,0.2,,,,,0,,,,,,,,,,,,,,,,,0
2010,protected,2.5,1.72,0.02,0,0,0,0,,0,0,,,,,,,,,,,,,,,,,,,,,,,,,,,0.02,,,,,0,0,,40,,,,,,,,,,,,,,40
2010,protected,2,2.33,0,0,0,0,0,,0,0,,,,,,,,,,,,,,,,,,,,,,,,,,,0,,,,,20,3,,,,,,,,,,,,,,,,23
2010,protected,1,2.58,0,0,0,0,0,,0,0,,,,,,,,,,,,,,,,,,,,,,,,,,,0,,,,,0,0,,,,,,,,,,,,,,,,0
2010,protected,1.5,2.58,0,0,0,0,0,,0,0,,,,,,,,,,,,,,,,,,,,,,,,,,,0,,,,,14,,,,,,,,,,,,,,,,,14
2010,protected,0.5,2.97,0,0,0,0,0,,0,0,,,,,,,,,,,,,,,,,,,,,,,,,,,0,,,,,2,,,,,,,,,,,,,,,,,2
2011,exposed,2,3.615,0.01,0,0,0,0,0,0,0,0,0,0,0,0,0,0,0,0,0,,,,,,,,,,,,,,,,0,0.01,0,0,0,0,,,0,0,,,,,,,,,,,,,,0
2011,exposed,2.5,3.325,0,0,0,0,0,0,0,0,0,,,,,,,,,,,,,,,,,,,,,,,,,,0,0,0,0,0,,,0,0,,,,,,,,,,,,,,0
2011,exposed,3,2.495,0.01,0,0,0.04,0,0,0,0,0,,,,,,,,,,,,,,,,,,,,,,,,,,0.05,0,0,0,0,,,0,0,,,,,,,,,,,,,,0
2011,exposed,3.5,3.125,0,0,0,0.01,0,0,0,0,0,,,,,,,,,,,,,,,,,,,,,,,,,,0.01,0,0,0,0,,,0,0,,,,,,,,,,,,,,0
2011,exposed,4,2.445,0.02,0.08,0,0.05,0,0,0,0,0,,,,,,,,,,,,,,,,,,,,,,,,,,0.15,0,0,0,0,,,0,0,,,,,,,,,,,,,,0
2011,exposed,4.5,2.605,0,0.04,0,0.01,0.04,0,0,0,0,,,,,,,,,,,,,,,,,,,,,,,,,,0.09,0,0,0,0,,,0,0,,,,,,,,,,,,,,0
2011,exposed,5,2.345,0.19,0,0,0.01,0.02,0,0,0,0,,,,,,,,,,,,,,,,,,,,,,,,,,0.22,0,0,0,0,,,0,0,,,,,,,,,,,,,,0
2011,exposed,5.5,2.535,0.08,0.02,0,0.04,0.04,0,0,0,0,,,,,,,,,,,,,,,,,,,,,,,,,,0.18,0,0,0,0,,,0,0,,,,,,,,,,,,,,0
2011,exposed,6,2.065,0,0.18,0,0.32,0.04,0,0.05,0,0,,,,,,,,,,,,,,,,,,,,,,,,,,0.59,0,0,0,0,,,0,0,,,,,,,,,,,,,,0
2011,exposed,6.5,2.385,0.02,0,0,0.13,0.04,,0,0.14,,,,,,,,,,,,,,,,,,,,,,,,,,,0.33,0,0,0,0,,,,,,,,,,,,,,,,,,0
2011,exposed,7,2.075,0,0,0,0.29,0,,0,0.03,,,,,,,,,,,,,,,,,,,,,,,,,,,0.32,,,,,,,,,,,,,,,,,,,,,,0
2011,exposed,7.5,1.785,0.04,0,0,0.64,0,,0,0.05,,,,,,,,,,,,,,,,,,,,,,,,,,,0.73,,,,,,,,,,,,,,,,,,,,,,0
2011,exposed,8,1.795,0.05,0,0,0.76,0,,0,0.02,,,,,,,,,,,,,,,,,,,,,,,,,,,0.83,2,,,,,,,,,,,,,,,,,,,,,2
2011,exposed,8.5,1.515,0.03,0,0,0.64,0,,0,0.03,,,,,,,,,,,,,,,,,,,,,,,,,,,0.7,9,,,,,,,,,,,,,,,,,,,,,9
2011,exposed,9,1.645,0,0,0.12,0,0,,0,0,,,,,0.14,,,,,,,,,,,,,,,,,,,,,,0.26,1,,,,,,,,,,,,,,,,,,,,,1
2011,exposed,9.5,1.255,0.04,0,0.52,0.13,0,,0,0.17,,,,,,,,,,,,,,,,,,,,,,,,,,,0.86,2,,,,,,,,,,,,,,,,,,,,,2
2011,exposed,10,1.235,0,0.005,0.45,0.05,0,,0,0.005,,,,,,,,,,,,,,,,,,,,,,,,,,,0.51,,,,,,,,,,,,,,,,,,,,,,0
2011,exposed,10.5,1.085,0.1,0,0.25,0.04,0,,0,0.03,,,,,,,0.03,,,,,,,,,,,,,,,,,,,,0.45,1,,,,,,,,,,,,,,,,,,,,,1
2011,exposed,11,0.855,0.5,0,0.02,0.06,0,,0,0,,,,,,,,,,,,,,,,,,,,,,,,,,,0.58,6,,,,,,,,,,,,,,,,,,,,,6
2011,exposed,11,0.705,0,0,0.14,0.04,0,,0,0,,,,,0.04,,,,,,,,,,,,,,,,,,,,,,0.22,,4,,,,,,1,,,,,,,,,,,,,,5
2011,exposed,12,0.715,0.12,0,0,0,0,,0,0,,,,,0.02,,,,,,,,,,,,,,,,,,,,,0.12,0.14,,13,,,,,,,,,,,,,,,,,,,,13
2011,exposed,12.5,1.025,0.32,0,0.32,0.08,0,,0,0,,,,,0.46,,,,,,,,,,,,,,,,,,,,,,1.18,,,,,,,,,,,,,,,,,,,,,,0
2011,exposed,13,1.655,0.06,0,0.06,0.72,0,,0,0.25,,,,,,,,,,,,,,,,,,,,,,,,,,0.04,1.09,,,,,,,,,,,,,,,,,,,,,,0
2011,protected,0,2.615,0,0,0,0,0,,0,0,,,,,,,,,,,,,,,,,,,,,,,,,,,0,,,,,,3,,,,,,,,,,,,,,,,3
2011,protected,1,2.215,0,0.001,0,0,0.005,,0,0,,,,,,,,,,,,,,,,,,,,,,,,,,,0.006,,,,,,107,,,,,,,,,,,,,,,,107
2011,protected,2,1.975,0,0.01,0,0,0,,0,0,,,,,,,,,,,,,,,,,,,,,,,,,,,0.01,,,,,,45,,,,,,,,,,,,,,,,45
2011,protected,3,1.825,0.25,0.02,0,0,0.04,,0,0.005,,,,,,,,,,,,,,,,,,,,,,,,,,,0.315,,,,,,,,,,,,,,,,,,,,,,0
2011,protected,4,1.275,0,0.01,0,0,0.05,,0,0.02,,,,,,,,,,,,,,,,,,,,,,,,,,,0.08,,,,,,,1,,,,,,,,,,,,,,,1
2011,protected,5,0.825,0,0.01,0,0,0.12,,0,0.15,,,,,,,,,0,,,,,,,,,,,,,,,,,,0.28,0,0,,,,,,,,,,,,,,,,,,,,0
2011,protected,6,1.055,0,0.02,0,0,0.07,,0,0.31,,,,,,,,,0,,,,,,,,,,,,,,,,,,0.4,0,0,,,,,,,,,,,,,,,,,,,,0
2011,protected,7,0.525,0,0,0,0,0.04,,0.06,0.26,,,,,,,,,0,,,,,,,,,,,,,,,,,,0.36,0,3,,,,,,,,,,,,,,,,,,,,3
2011,protected,8,1.055,0,0,0,0,0.88,,0,0.07,,,,,,,,,0.01,,,,,,,,,,,,,,,,,,0.96,,0,4,,,,,,,,,,,,,,,,,,,4
2011,protected,9,0.605,0,0,0,0,0.04,,0.18,0.25,,,,,,,,,,,,,,,,,,,,,,,,,,,0.47,,1,1,,,,,,,,,,,,,,,,,,,2
2011,protected,10,1.015,0,0,0,0.05,0.48,,0,0.405,,,,,,,,,,,,,,,,,,,,,,,,,,,0.935,,,,,,,17,,,,,,,,,,,,,,,17
2011,protected,11,0.455,0,0,0,0,0.05,,0.75,0.16,,,,,,,,,,,,,,,,,,,,,,,,,,,0.96,,2,1,,,,30,,,,,,,,,,,,,,,33
2011,protected,12,0.165,0,0,0,0,0,,0.16,0.05,,,,0.12,,,,,,,,,,,,,,,,,,,,,,,0.33,,3,,,,,25,,,,,,,,,,,,,,,28
2011,protected,13,0.105,0,0,0,0,0.02,,0.75,0.02,,,,,,,,,,,,,,,,,,,,,,,,,,,0.79,,3,,,,,13,,,,,,,,,,,,,,,16
2011,protected,14,0.215,0,0,0,0,0.12,,0.16,0.08,,,,,,,,,,,,,,,,,,,,,,,,,,,0.36,,2,,,,,121,,,,,,,,,,,,,,,123
2011,protected,15,0.095,0,0,0,0,0,,0,0.16,,,,0.36,0.15,,,,,,,,,,,,,,,,,,,,,,0.67,,2,20,,,,,,,,,,,,,,,,,,,22
2011,protected,16,0.185,0,0,0,0,0,,0,0,,,,,,,,,,0.02,,,,,,,,,,,,,,,,0.75,0.02,,,,,,,200,,,,,,,,,,,,,,,200
2011,protected,17,0.145,0,0,0,0,0,,0,0,,,,0.06,0.08,,,,,0.46,,,,,,,,,,,,,,,,0.25,0.6,,,,,,,70,,,,,,,,,,,,,,,70
2011,protected,18,0.185,0,0,0,0,0,,0,0,,,,0.08,0.1,,,,,,,,,,,,,,,,,,,,,0.5,0.18,,2,,,,,132,,,,,,,,,,,,,,,134
2011,protected,19,0.005,0,0,0,0,0,,0,0,,,,,,,,,,0.6,,,,,,,,,,,,,,,,0.25,0.6,,1,,,,,18,,,,,,,,,,,,,,,19
2012,exposed,0,3.23,0,0,0,0,0,,0,0,,,,,0.02,,,,,,,,,,,,,,,,,,,,,,0.02,,,,,20,,,,,,,,,,,,,,,,,20
2012,exposed,0.5,3.23,0,0,0,0,0,,0,0,,,,,0.05,,,,,,,,,,,,,,,,,,,,,,0.05,,,,,10,10,,,,,,,,,,,,,,,,20
2012,exposed,1,3.23,0,0,0,0,0,,0,0,,,,,0.01,,,,,,,,,,,,,,,,,,,,,,0.01,,,,,50,13,,,,,,,,,,,,,,,,63
2012,exposed,1.5,,0,0,0,0,0,,0,0,,,,,,,,,,,,,,,,,,,,,,,,,,,0,,,,,,,,,,,,,,,,,,,,,,0
2012,exposed,2,2.8,0.06,0,0,0,0,,0,0,,,,,,,,,,,,,,,,,,,,,,,,,,,0.06,,,,,26,90,6,,,,,,,,,,,,,,,122
2012,exposed,2.5,3.01,0.03,0,0,0,0,,0,0,,,,,,,,,,,,,,,,,,,,,,,,,,,0.03,,,,,25,50,,,,,,,,,,,,,,,,75
2012,exposed,3,2.44,0.12,0,0,0.04,0,,0,0,,,,,,,,,,,,,,,,,,,,,,,,,,,0.16,,,,,25,50,1,,,,,,,,,,,,,,,76
2012,exposed,3.5,,0,0,0,0,0,,0,0,,,,,,,,,,,,,,,,,,,,,,,,,,,0,,,,,,,,,,,,,,,,,,,,,,0
2012,exposed,4,2.565,0,0.01,0.02,0,0.08,,0.46,0.01,,,,,0.1,,,,,,,,,,,,,,,,,,,,,,0.68,,,,,1,37,,,,,,,,,,,,,,,,38
2012,exposed,4.5,2.2,0,0.07,0.01,0.06,0.02,,0.07,0,,,,,0.02,,,,,,,,,,,,,,,,,,,,,,0.25,,,,,,58,3,,,,,,,,,,,,,,,61
2012,exposed,5,2.45,0.02,0.1,0.02,0.04,0.07,,0.01,0.01,,,,,0.04,,,,,,,,,,,,,,,,,,,,,,0.31,,,,,,53,,,,,,,,,,,,,,,,53
2012,exposed,5.5,1.48,0.04,0.36,0,0.12,0.02,,0,0.04,0.02,,,,0,,,,,,,,,,,,,,,,,,,,,,0.6,,,,,,36,8,,,,,,,,,,,,,,,44
2012,exposed,6,2.4,0.02,0.04,0,0.09,0.11,,0,0.06,,,,,0.02,,,,,,,,,,,,,,,,,,,,,,0.34,,,,,,,,,,,,,,,,,,,,,,0
2012,exposed,6.5,2.35,0.02,0,0,0.12,0.02,,0,0.08,,,,,0.01,,,,,,,,,,,,,,,,,,,,,,0.25,,,,,,,,,,,,,,,,,,,,,,0
2012,exposed,7,2.035,0.02,0,0.01,0.25,0,,0,0.04,,,,,0.06,,,,,,,,,,,,,,,,,,,,,,0.38,,,,,,,,,,,,,,,,,,,,,,0
2012,exposed,7.5,1.72,0.01,0,0.1,0.4,0,,0,0,,,,,0,,,,,0.03,,,,,,,,,,,,,,,,,0.54,3,,,,,,,,,,,,,,,,,,,,,3
2012,exposed,8,1.8,0,0.12,0,0.84,0,,0,0.02,,,,,0.06,,,,,,,,,,,,,,,,,,,,,,1.04,3,,,,,,,,,,,,,,,,,,,,,3
2012,exposed,8.5,1.73,0.05,0,0.1,0.85,0,,0,0.02,,,,,0.12,,,,,,,,,,,,,,,,,,,,,,1.14,,,,,,,,,,,,,,,,,,,,,,0
2012,exposed,9,1.31,0.12,0,0,0.12,0,,0,0,,,,,0.92,,,,,,,,,,,,,,,,,,,,,,1.16,,,,,,,,,,,,,,,,,,,,,,0
2012,exposed,9.5,1.19,0.8,0.1,0.24,0,0.04,,0,0.08,,,,,0,,,,,,,,,,,,,,,,,,,,,,1.26,5,,,,,,,,,,,,,,,,,,,,,5
2012,exposed,10,1.2,0,0,0.24,0.24,0,,0,0.06,,,,,0,,,,,,,,,,,,,,,,,,,,,,0.54,1,,,,,,,,,,,,,,,,,,,,,1
2012,exposed,10.5,1.14,0,0,0.12,0.19,0,,0,0,,,,,0.3,,,,,,,,,,,,,,,,,,,,,,0.61,6,,,,,,,,,,,,,,,,,,,,,6
2012,exposed,11,1.045,0,0,0.25,0.4,0,,0,0,,,,,0,,,,,,,,,,,,,,,,,,,,,,0.65,,,,,,,1,,,,,,,,,,,,,,,1
2012,exposed,11.5,0.64,0,0,0,0.05,0,,0.01,0,,,,,0.3,,,,,,,,,,,,,,,,,,,,,,0.36,5,,,,,,,,,,,,,,,,,,,,,5
2012,exposed,12,0.645,0,0,0,0,0,,0,0,,,,,0.13,,,,,,,,,,,,,,,,,,,,,,0.13,13,,,,,,,,,,,,,,,,,,,,,13
2012,exposed,12.5,1.19,0,0,0.22,0.005,0,,0,0,,,,,0.2,,,,,,,,,,,,,,,,,,,,,,0.425,,,,,,,,,,,,,,,,,,,,,,0
2012,exposed,13,1.545,0.06,0,0,0.9,0,,0,0.02,,,,,0,,,,,,,,,,,,,,,,,,,,,,0.98,,,,,,,,,,,,,,,,,,,,,,0
2012,protected,1,2.55,0,0,0,0,0,0,0,0,0,0,0,0,0,0,0,0,0,0,,,,,,,,,,,,,,,,,0,0,0,0,0,0,22,0,0,,,,,,,,,,,,,,22
2012,protected,2,1.66,0.01,0.01,0,0,0,0,0,0,0,0,0,0,0,0,0,0,0,0,,,,,,,,,,,,,,,,,0.02,0,0,0,0,0,46,6,0,,,,,,,,,,,,,,52
2012,protected,3,1.78,0,0.025,0,0,0.04,0,0,0,0,0,0,0,0,0,0,0,0,0,,,,,,,,,,,,,,,,,0.065,0,0,0,0,0,67,5,0,,,,,,,,,,,,,,72
2012,protected,4,1.49,0,0,0,0,0.25,0,0,0.16,0,0,0,0,0,0,0,0,0,0,,,,,,,,,,,,,,,,,0.41,0,3,0,0,0,0,0,0,,,,,,,,,,,,,,3
2012,protected,5,1.32,0,0,0,0,0.14,0,0,0.27,0,0,0,0,0,0,0,0,0,0,,,,,,,,,,,,,,,,,0.41,0,0,0,0,0,0,0,0,,,,,,,,,,,,,,0
2012,protected,6,1.67,0,0,0,0,0.01,0,0,0.02,0,0,0,0,0,0,0,0,0,0,,,,,,,,,,,,,,,,,0.03,0,0,0,0,0,33,0,0,,,,,,,,,,,,,,33
2012,protected,7,1.41,0,0,0.01,0,0.29,0,0,0.31,0,0,0,0,0.1,0,0,0,0,0,,,,,,,,,,,,,,,,,0.71,0,0,0,0,0,1,0,0,,,,,,,,,,,,,,1
2012,protected,8.5,0.77,0,0,0,0,0.12,0.04,0,0.5,0,0,0,0,0,0,0,0,0,0,,,,,,,,,,,,,,,,,0.66,0,13,0,0,0,0,12,0,,,,,,,,,,,,,,25
2012,protected,9.5,1.14,0,0,0,0,0.2,0.18,0,0.32,0,0,0,0,0,0,0,0,0,0,,,,,,,,,,,,,,,,,0.7,0,18,0,0,0,0,29,0,,,,,,,,,,,,,,47
2012,protected,10.5,0.56,0,0,0,0,0.12,0,0,0.24,0,0.01,0,0,0,0,0,0,0,0,,,,,,,,,,,,,,,,,0.37,0,3,0,0,0,0,65,0,,,,,,,,,,,,,,68
2012,protected,11.5,0.41,0,0,0,0,0.2,0.12,0,0.6,0,0,0,0,0,0,0,0,0,0,,,,,,,,,,,,,,,,,0.92,0,0,0,0,0,0,4,0,,,,,,,,,,,,,,4
2012,protected,12.5,0.49,0,0,0,0,0.06,0,0.63,0.21,0.02,0,0,0,0,0,0,0,0,0,,,,,,,,,,,,,,,,,0.92,0,3,0,0,0,0,59,0,,,,,,,,,,,,,,62
2012,protected,13.5,0.29,0,0,0,0,0.01,0,0.22,0.06,0,0,0,0,0,0,0,0,0,0,,,,,,,,,,,,,,,,,0.29,0,1,0,0,0,0,11,0,,,,,,,,,,,,,,12
2012,protected,14.5,0.18,0,0,0,0,0.04,0,0.28,0.12,0,0,0,0,0,0,0,0,0,0,,,,,,,,,,,,,,,,,0.44,0,1,0,0,0,0,39,0,,,,,,,,,,,,,,40
2012,protected,15.5,0.41,0,0,0,0,0.15,0,0.4,0.04,0.03,0,0,0,0,0,0,0,0,0,,,,,,,,,,,,,,,,,0.62,0,4,0,0,0,0,124,0,,,,,,,,,,,,,,128
2012,protected,16,0.3,0,0,0,0,0,0,0,0,0,0,0.05,0.01,0,0,0,0,0,0,,,,,,,,,,,,,,,,,0.06,0,1,0,0,0,0,60,0,,,,,,,,,,,,,,61
2012,protected,17,0.03,0,0,0,0,0,0,0,0,0,0.02,0.12,0,0,0,0,0,0,0,,,,,,,,,,,,,,,,,0.14,0,0,0,0,0,0,80,0,,,,,,,,,,,,,,80
2012,protected,18.5,0.13,0,0,0,0,0,0,0,0,0,0,0.06,0,0,0,0,0,0,0.0016,,,,,,,,,,,,,,,,,0.0616,0,1,0,0,0,0,75,0,,,,,,,,,,,,,,76
2012,protected,19.5,0.18,0,0,0,0,0,0,0,0,0,0,0.04,0.1,0,0,0,0,0,0,,,,,,,,,,,,,,,,,0.14,0,4,0,0,0,0,100,0,,,,,,,,,,,,,,104
2012,protected,20,0.02,0,0,0,0,0,0,0.12,0,0,0,0.06,0.04,0,0,0,0,0,0.05,,,,,,,,,,,,,,,,,0.27,7,2,0,0,0,0,60,0,,,,,,,,,,,,,,69
2012,protected,21,0.07,0,0,0,0,0,0,0,0,0,0,0,0,0,0,0,0,0,0.9,,,,,,,,,,,,,,,,,0.9,0,0,0,0,0,0,14,0,,,,,,,,,,,,,,14
2012,protected,22,0.03,0,0,0,0,0,0,0,0,0,0,0.01,0,0,0,0,0,0,1,,,,,,,,,,,,,,,,,1.01,0,0,0,0,0,0,45,0,,,,,,,,,,,,,,45
2012,protected,23,-0.13,0,0,0,0,0,0,0.08,0,0,0,0,0,0,0,0,0,0,0.2,,,,,,,,,,,,,,,,,0.28,0,3,0,5,0,0,0,0,,,,,,,,,,,,,,8
2013,exposed,5,1.605,0.005,0.0025,,0.04,0.04,,0,0.01,,,,,,,,,,,,,,,,,,,,,,,,,,,0.0975,,,,,,24,,,,,,,,,,,,,,,,24
2013,exposed,5.5,1.675,0.0025,0.08,0.015,0.02,0.0025,,0,0.085,,,,,,,,,,,,,,,,,,,,,,,,,,,0.205,,,,,,12,,,,,,,,,,,,,,,,12
2013,exposed,9.5,0.275,0.01,0.0025,0.12,0.32,0,,0,0,,,,,,,,,,,,,,,,,,,,,,,,,,,0.4525,4,,,,,,,,,,,,,,,,,,,,,4
2013,exposed,1,2.035,0.02,0,0,0,0,,0,0,,,,,,,,,,,,,,,,,,,,,,,,,,,0.02,,,,,16,,,,,,,,,,,,,,,,,16
2013,exposed,1.5,2.070,0,0,0,0.01,0,,0.02,0,,,,,,,,,,,,,,,,,,,,,,,,,,,0.03,,,,,20,,,,,,,,,,,,,,,,,20
2013,exposed,2,1.810,0.03,0,0,0.02,0,,0.1,0,,,,,,,,,,,,,,,,,,,,,,,,,,,0.15,,,,,35,,,,,,,,,,,,,,,,,35
2013,exposed,0,2.150,0,0,0,0.04,0,,0.02,0,,,,,,,,,,,,,,,,,,,,,,,,,,,0.06,,,,,26,,,,,,,,,,,,,,,,,26
2013,exposed,12,0.590,0.25,0,0,0.65,0,,0,0,,,,,,,,,,,,,,,,,,,,,,,,,,,0.9,1,,,,0,,,,,,,,,,,,,,,,,1
2013,exposed,7.5,4.168,0.04,0,0.01,0.58,0,,0.04,0.02,,,,,,,,,,,,,,,,,,,,,,,,,,,0.69,2,,,,,,,,,,,,,,,,,,,,,2
2013,exposed,8.2,3.685,0.08,0.01,0.04,0.92,0,,0.04,0.04,,,,,,,,,,,,,,,,,,,,,,,,,,,1.13,0,,,,,,,,,,,,,,,,,,,,,0
2013,exposed,8.5,3.970,0.04,0.01,0.2,0.2,0,,0.12,0.02,,,,,,,,,,,,,,,,,,,,,,,,,,,0.59,4,,,,,,,,,,,,,,,,,,,,,4
2013,exposed,10.5,4.225,0.02,0.01,0.16,0.44,0,,0,0,,,,,,,,,,,,,,,,,,,,,,,,,,,0.63,2,,,,,,,,,,,,,,,,,,,,,2
2013,exposed,11,4.475,0.04,0.01,0.01,0.04,0,,0,0.03,,,,,,,,,,,,,,,,,,,,,,,,,,,0.13,10,,,,,,,,,,,,,,,,,,,,,10
2013,exposed,5.5,0.950,0.02,0,0.005,0.24,0.02,,0.02,0.001,,,0.02,,,,,,,,,,,,,,,,,,,,,,,,0.326,,,,,0,,,,,,,,,,,,,,,,,0
2013,exposed,7,0.775,0.02,0,0.03,0.64,0,,0.06,0.02,,,,,,,,,,,,,,,,,,,,,,,,,,,0.77,,,,,0,,,,,,,,,,,,,,,,,0
2013,exposed,9,0.210,0.02,0,0.16,0.38,0,,0.03,0.04,,,,,,,,,,,,,,,,,,,,,,,,,,,0.63,,,,,2,,,,,,,,,,,,,,,,,2
2013,exposed,4,1.685,0.03,0.005,0,0,0.05,,0,0,,,,,,,,,,,,,,,,,,,,,,,,,,,0.085,,,,,3,35,,,,,,,,,,,,,,,,38
2013,exposed,3.5,1.685,0.05,0.03,0,0,0.03,,0,0,,,,,,,,,,,,,,,,,,,,,,,,,,,0.11,,,,,13,30,,,,,,,,,,,,,,,,43
2013,exposed,3,1.995,0.02,0.02,0,0.06,0,,0,0,,,,,,,,,,,,,,,,,,,,,,,,,,,0.1,,,,,15,25,,,,,,,,,,,,,,,,40
2013,exposed,11.5,0.235,0.7,0.01,0.04,0.04,0,,0,0.02,,,,,,,,,,,,,,,,,,,,,,,,,,,0.81,,,,,0,0,,,,,,,,,,,,,,,,0
2013,protected,12,0.376,0,0,0,0,0.17,,0.12,0,,,0,,,,,,,,,,,,,,,,,,,,,,,,0.29,,2,,,,0,30,,,,,,,,,,,,,,,32
2013,protected,14,0.344,0,0,0,0,0.165,,0.14,0.035,,,0.005,,,,,,,,,,,,,,,,,,,,,,,,0.345,,3,,,,0,57,,,,,,,,,,,,,,,60
2013,protected,13,0.176,0,0,0,0,0.035,,0.22,0,,,0.045,,,,,,,,,,,,,,,,,,,,,,,,0.3,,1,,,,0,40,,,,,,,,,,,,,,,41
2013,protected,3,1.546,0,0.0005,0,0,0,,0.14,0,,,0,,,,,,,,,,,,,,,,,,,,,,,,0.1405,,0,,,,4,0,,,,,,,,,,,,,,,4
2013,protected,6,1.011,0.01,0,0,0,0.04,,0,0.03,,,,,,,,,,,,,,,,,,,,,,,,,,,0.08,,0,,,,2,0,0,,,,,,,,,,,,,,2
2013,protected,10,0.491,0,0,0,0,0.04,,0.5,0.003,,,,,,,,,,,,,,,,,,,,,,,,,,,0.543,,3,,,,0,0,30,,,,,,,,,,,,,,33
2013,protected,11,0.506,0.01,0,0,0,0,,0.75,0.03,,,,,,,,,,,,,,,,,,,,,,,,,,,0.79,,3,,,,0,13,0,,,,,,,,,,,,,,16
2013,protected,1.5,1.818,0,0,0,0,0,,0,0,,,,,,,,,,0,,,,,,,,,,,,,,,,,0,,0,,,,0,0,0,,,,,,,,,,,,,,0
2013,protected,18,2.791,0,0,0,0,0,,0.2,0.01,,,0,0.15,,,,,,0.44,,,,,,,,,,,,,,,,,0.8,,2,,,,,65,,,,,,,,,,,,,,,67
2013,protected,19,2.836,0,0,0,0,0.04,,0.2,0.12,,,0,0.1,,,,,,0.24,,,,,,,,,,,,,,,,,0.7,,1,,,,,95,,,,,,,,,,,,,,,96
2013,protected,20,2.806,0,0,0,0,0.02,,0,0,,,0,0,,,,,,0.96,,,,,,,,,,,,,,,,,0.98,,0,,,,,40,,,,,,,,,,,,,,,40
2013,protected,21,2.846,0,0,0,0,0,,0,0,,,0.03,0,,,,,,0.01,,,,,,,,,,,,,,,,,0.04,,0,,,,,74,,,,,,,,,,,,,,,74
2013,protected,8,0.844,0,0,0,0,0.35,,0.2,0.2,,,0,,,,,,,,,,,,,,,,,,,,,,,,0.75,,,,,,,76,,,,,,,,,,,,,,,76
2013,protected,0,2.414,0,0,0,0,0,,0,0,,,0,,,,,,,,,,,,,,,,,,,,,,,,0,,,,,,,,,,,,,,,,,,,,,,0
2013,protected,15,0.356,0,0,0,0,0.12,,0.2,0,,,0,0.08,,,,,,,,,,,,,,,,,,,,,,,0.4,,3,,,,0,85,,,,,,,,,,,,,,,88
2013,protected,16,0.126,0,0,0,0,0,,0.16,0,,,0.16,0.02,,,,,,,,,,,,,,,,,,,,,,,0.34,,0,,,,0,100,,,,,,,,,,,,,,,100
2013,protected,17,0.026,0,0,0,0,0,,0,0,,,0,0,,,,,,,,,,,,,,,,,,,,,,,0,,0,,,,0,120,,,,,,,,,,,,,,,120
2013,protected,4.5,1.596,0,0.44,0,0,0.08,,0,0.04,,,0,0,,,,,,,,,,,,,,,,,,,,,,,0.56,,0,,,,5,7,,,,,,,,,,,,,,,12
2014,exposed,12,0.710,0.06,,,0.02,0.01,,,0.02,,,,,0.01,,0.13,,,,0.12,,,,,,,,,,0.01,,,,,,0.38,2,,,,,,,,1,,,,110,,,2,,,,,,115
2014,exposed,12.5,0.870,0.15,0,0,0.06,0,0,0.12,0.01,,,,,0.02,,0,,,,0.28,,,,,,,,,,0,,,,,,0.64,10,,,,,,1,2,8,,1,,27,,,3,,1,,,,53
2014,exposed,11,0.894,0.1,0.11,0.07,0.16,,,0.02,,,,,,,,0.15,,,,0.2,,,,,,,,0.01,,,,,,,,0.82,3,,,,,,,1,28,,3,,33,,,,1,,,,,69
2014,exposed,10,0.935,,,0.5,,,,,,,,,,0.12,,,,,,0.2,,,,0.01,,,,,,,,,,,,0.83,1,,,,,,,,20,,,,,,,,,,,,,21
2014,exposed,11.5,1.025,0.22,,0.22,0.14,,,0.02,,,,,,,,0.18,,,,0.12,,,,0.01,,,,,,,,,,,,0.91,2,,,,,,,1,13,1,1,1,3,,,,1,,,,,23
2014,exposed,13,1.074,0.18,0,0,0.01,0,0,0,0,,,,,0.03,,0,,,,0.07,,,,,,,,,,0,,,,,,0.29,8,0,0,0,0,0,0,0,0,,1,,28,,,0,,0,,,,37
2014,exposed,9.5,1.244,,,0.45,0.02,,,,,,,,,0.1,,,,,,0.15,,,,,,,,,,,,,,,,0.72,1,,,,,,,1,15,,,,,,,,,,,,,17
2014,exposed,9,1.275,0.01,,0.3,0.3,,,,0.01,,,,,,,,,,,0.15,,,,,,,,,,,,,,,,0.77,,,,,,,,,5,,1,,,,,,,,,,,6
2014,exposed,10.5,1.290,0.05,0.08,,0.85,,,,0.02,,,,,,,,,,,0.07,,,,0.01,,,,,,,,,,0.02,,1.1,,1,,,1,,4,,1,,1,,,,,,,,,,,8
2014,exposed,13.5,1.415,,0.02,0.44,0.12,,,,0.04,,,,,,,,,,,,0.01,,,,,,,,,,,,,,,0.63,,,,,,,,,5,6,2,,,,,,1,,,,,14
2014,exposed,14.5,1.540,0.05,,0.04,0.85,,,,,,,,,,,,,,,0.05,0.01,,,,,,,,,,,,,,,1,,,,,,,,,2,1,,,,,,,,,,,,3
2014,exposed,14,1.595,0.06,0,0.07,0.61,0,0,0,0.005,,,,,0,,0,,,,0,0.02,,,,,,,,,0,,,,,,0.765,0,0,0,0,0,0,0,0,0,3,0,,0,,,0,,0,,,,3
2014,exposed,8,1.750,0.0075,,0.05,0.72,0.01,,,0.02,,,,,,,,,,,,,,,,,,,,,,,,,,,0.8075,,,,,,,,,3,,,,,12,,,,,,,,15
2014,exposed,8.5,1.789,0.03,,,0.8,,,,0.025,,,,,,,,,,,,,,,,,,,,,,,,,,,0.855,,,,,,,,,,,,,,,,,,,,,,0
2014,exposed,7,2.095,0.02,,,0.03,0.01,,,0.07,,,,,0.03,,,,,,,,,,,,,,,,,,,,,,0.16,,,,,,,,,28,4,,,,,1,,,,,,,33
2014,exposed,6.5,2.393,0.015,0.01,,0.08,0.09,,,0.1,,,,,0.04,,,,,,,,,,,,,,,,,,,,,,0.335,,,,,,,,,,,,,,,,,,,,,,0
2014,exposed,5,2.490,,0.07,,0.1,,0.03,,0.01,,,,,0.04,,,,,,,,,,,,,,,,,,,,,,0.25,,,,,4,2,,,,,,,,7,,,,,,,,13
2014,exposed,5.5,2.760,,0.03,,0.01,,0.05,,0.02,,,,0,0.04,,,,,,,,,,,,,,,,,,,,,,0.15,,,,,2,8,,,,,,,,17,,,,,,,,27
2014,exposed,3,2.783,0.02,,,0.02,,,,,,,,,,,,,,,,,,,,0.005,,,,,,,,,,,0.045,,,,,2,,,,,,,,,12,,,,,,,,14
2014,exposed,6,2.814,,0.005,,,,,,,,,,,,,,,,,,,,,,,,,,,,,,,,,0.005,,,,,,,,,,,,,,3,,,,,,,,3
2014,exposed,4.5,2.820,0.04,,,0.01,,,,,,,,,,,,,,,0.06,,,,,,,,,,,,,,,,0.11,,,,,,11,,,,,,,,6,,,2,,,,,19
2014,exposed,7.5,2.822,0.06,,0.04,0.68,0.12,0.04,,,,,,,0.08,,,,,,0.26,,,,,,,,,,,,,,,,1.28,,,1,,,,,,,4,,,,,,,,,,,,5
2014,exposed,4,2.833,0.02,,,0.01,0.04,,,,,,,,,,,,,,0.06,,,,,,,,,,,,,,,,0.13,,,,,,9,,,,,,,,4,,,,,,,,13
2014,exposed,3.5,2.990,0.12,,,0.06,0.02,,,,,,,,,,,,,,0.03,,,,,,,,,,,,,,,,0.23,,,,,,12,,3,,,,,,4,,,5,,,,,24
2014,exposed,2.5,3.060,0.03,,,,,,,,,,,,,,,,,,,,,,,,,,,,,,,,,,0.03,,,,,2,5,,,,,,,,,,,,,,,,7
2014,exposed,2,3.360,0.04,,,,,,,,,,,,,,,,,,,,,,,,,,,,,,,,,,0.04,,,,,25,9,,,,,,,,,,,,,,,,34
2014,protected,21,-0.074,,,,,,,,,,,,,,,,,,0.95,,,,,,,,,,0.05,,,,,,,1,,,,,,,35,,,,,,,,,,,,,,,35
2014,protected,22,-0.039,,,,,,,,,,,,,,,,,,0.2,,,,,,,,,,,,,,,,,0.2,,,,,,,50,,,,,,,,,,,,,,,50
2014,protected,20,0.01,,,,,,,,,,,,,,,,,,1,,,,,,,,,,,,,,,,,1,,,,,,,30,,,,,,,,,,,,,,,30
2014,protected,17,0.066,,,,,,,,,,,0.04,0.2,,,,,,0.1,,,,,,,,,,,,,,,,,0.34,,3,,,,,60,,,,,,,,,,,,,,,63
2014,protected,16,0.1,,,,,,,0.1,,,,0.15,0.05,,,,,,0.04,,,,,,,,,,,,,,,,,0.34,,,,,,,60,,,,,,,,,,,,,,,60
2014,protected,19,0.181,,,,,,,,,,,,,0.08,,,,,0.5,,,,,,,,,,,,,,,,,0.58,,,,,,,48,,,,,,,,,,,,,,,48
2014,protected,18,0.201,,,,,,,,,,,,0.28,,,,,,0.03,,,,,,,,0.01,,,,,,,,,0.32,,2,,,,,100,,,,,,,,1,,,,,,,103
2014,protected,13,0.216,,,,,,,0.04,0.12,,,0.08,0.22,,,,,,,,,,,,,,,,,,,,,,,0.46,,,1,,,,75,,,,,,,,,,,,,,,76
2014,protected,14,0.265,,,,,0.04,,0.24,0.06,,,0.12,,,,,,,,,,,,,,,,,,,,,,,,0.46,,,1,,,,93,,,,,,,,,,,,,,,94
2014,protected,15,0.291,,,,,0.1,,0.65,0.04,,,0.14,0.06,,,,,,,,,,,,,,,,,,,,0.06,,,1.05,,,4,,,,98,,,,,,,,,,,,,,,102
2014,protected,12,0.414,,,,,,,0.78,,,,0.2,,,,,,,,,,,,,,,0.005,,,,,,,,,0.985,,,,,,,25,,,,,,,,,,,,,,,25
2014,protected,7,0.681,0.08,,0.01,,0.1,,0.18,0.21,,,,,,,,,,,,,,,,,,,,,,,,,,,0.58,,,,,,,,,,,,,,,,,,,,,,0
2014,protected,11,0.846,,0.02,,,0.16,0.02,,0.25,,,,,,,,,,,,,,,,,,0.01,,,,,,,,,0.46,,,,,,,25,,,,,,,2,,,,,,,,27
2014,protected,9,0.976,,,,,0.18,0.1,,0.15,,,,,,,,,,,0.1,,,,,,,0.01,,,,,,,,,0.54,,1,,,,,34,,,,,,,,,,1,,,,,36
2014,protected,10,1.096,,,,,0.35,0.02,,0.12,,,,,,,,,,,,,,,,,,,,,,,,,,,0.49,,,,,,,11,,,,,,,,,,,,,,,11
2014,protected,8,1.151,,,,,0.7,,,0.2,,,,,,,,,0.02,,0.03,,,,,,,,,,,,,,0.03,,0.98,,7,,,,,22,,,,,,,,,,,,,,,29
2014,protected,5,1.476,,0.01,,,0.05,,0.05,0.35,,,,,,,,,,,0,,,,,,0.005,,,,,,,,,,0.465,0,,,,0,7,,,,,,4,,,,1,,,0,,,12
2014,protected,6,1.551,,0.15,,,0.15,,0.03,0.26,,,,,,,,,,,,,,,,,,0.01,,,,,,,,,0.6,,3,,,,13,95,,,,,6,,,,,,,,,,117
2014,protected,4,1.554,,0.28,,,0.12,,0.12,0.56,,,,,,,,,,,0,,,,,,0.04,,,,,,,,,,1.12,1,,,,2,5,,,,,,0,,,,2,,,1,,,11
2014,protected,2,1.879,,0,,,0,,0,0,,,,,,,,,,,0.02,,,,,,0,,,,,,,,,,0.02,0,,,,3,5,,,,,,4,,,,0,,,0,,,12
2014,protected,3,1.916,,0.1,,,0.08,,0.02,0.01,,,,,,,,,,,,,0.05,,,0.02,0.02,,,,,,,,,,0.3,,,,,,21,,,,,,10,,,,,,,,,,31
2014,protected,1,2.216,,0.01,,,,,,,,,,,,,,,,,,,0.04,0.04,,,,,,,,,,,,,0.09,,,,,30,,,,,,,,,,,,2,,,,,32
2015,exposed,3.5,3.22,,,,0.12,,,0.2,,,,,,,,,,,,0.02,,0.08,,,,,,,,,,,,,0.48,0.42,,,,,,,,,,,,,,1,,,3,,,,,4
2015,exposed,4,3.02,0.002,,,,,,,,,,,,,,,,,,,,,,,,,0.09,,,,,,,,,0.092,,,,,9,11,,,,,,,,,,,,,,,,20
2015,exposed,4.5,2.91,0.02,,,,,,0.24,0.01,,,,,0.04,,,,,,0.32,,,,,,,,,,,,,,,0.37,0.63,,,,,,33,,,,,,,,,,,2,,,,,35
2015,exposed,5,2.905,0.06,,,,,,,0.01,,,,,,,,,,,,,,,,,,,,,,0.04,,,,,0.11,,,,,,,,,,,,,,,,,,,,,,0
2015,exposed,5.5,2.94,,,,0.04,,,0.22,0.06,,,,,,0.08,,,,,0.06,,,,,,,,,,,,,,,0.54,0.46,,,,,4,13,,,,,1,,,3,,,`,,,,,21
2015,exposed,6,2.775,0.01,,,,,,,0.14,,,,,,,,,,,,,,,,,,,,,,0.5,,,,,0.65,,,,,,,,,,,1,,,17,,,,,,,,18
2015,exposed,6.5,2.78,0.01,,,0.04,,,0.04,0.12,,,,,,0.06,,,,,,,,,,,,,,,,,,,,0.73,0.27,,,,,1,12,,,,,,,,3,,,,,,,,16
2015,exposed,7,2.27,0.03,,,0.08,,,,0.06,,,,,0.02,,,,,,0.1,,,,,,,,,,,,,,,,0.29,,,,,,,,,1,,,6,,4,,,,,,,,11
2015,exposed,7.5,1.92,0.08,,,0.35,0.02,,,0.12,,,,,0.04,,,,,,,,,,,,,,,,,,,,,,0.61,3,,,,,,,,,2,1,,,,,,,,,,,6
2015,exposed,8,1.97,0.05,0.025,0.1,0.35,,,,0.075,,,,,0.04,,,,,,,,,,,,,,,,,,,,,,0.64,3,,,,,,,,1,,,,,4,,,,,,,,8
2015,exposed,8.5,2.025,0.3,,0.05,0.9,,,,0.05,,,,,0.05,,,,,,,,,,,,,,,,,,,,,,1.35,1,,,,,,,,2,,2,,,,,,,,,,,5
2015,exposed,9,1.44,0.2,0.05,0.05,0.35,,,,0.05,,,,,0.15,,,,,,,,,,,,,,,,,,,,,,0.85,6,,,,,,,,3,,9,,,,,,,,,,,18
2015,exposed,9.5,1.665,0.1,,0.2,0.2,,,,0.1,,,,,0.1,,,,,,,,,,,,,,,,,,,,,,0.7,,,,,,,,,,,,,,,,,,,,,,0
2015,exposed,10,1.71,0.04,,0.04,0.84,,,,0.03,,,,,,,,,,,0.04,,,,,,,,,,,,,,,,0.99,,,,,,,5,,3,1,9,,,5,,,,,,,,23
2015,exposed,10.5,1.69,0.3,,0.2,0.4,,,,,,,,,,,,,,,,0.02,,,,,,,,,0.02,,0.03,,,,0.97,6,,,,,,1,,,,1,,15,15,,,,,,,,38
2015,exposed,11.5,1.37,0.08,,0.35,0.25,,,,,,,,,0.12,,,,,,,,,,,,,,,,,,,,,,0.8,,1,,,,,,,15,,6,,,,,,1,,,,,23
2015,exposed,12,1.1,0.02,,0.08,0.06,,,,,,,,,0.24,,,,,,,0.08,,,,,,,,,0.06,,,,,,0.54,8,,,,,,,,8,,2,,14,,,,,,,,,32
2015,exposed,13,1.4,0.05,,0.4,0.05,,,,,,,,,,,,,,,0.15,,,,,,,,,,,,,,,,0.65,,,,,,,,,4,,14,,,10,,,,,,,,28
2015,exposed,13.5,1.89,0.1,,0.35,0.65,,,,0.02,,,,,,,,,,,,0.3,,,,,,,,,,,,,,,1.42,1,,,,,,,,4,,4,,,4,,,,,,,,13
2015,protected,1,2.45,,,,,,,,,,,,,,,,,,,,,,,,,,,,,,,,,,,0,,,,,21,,,,,,,,,,,,,,,,,21
2015,protected,2,2.16,,,,,,,,,,,,,,,,,,,,,,,,,,,,,,,,,,,0,,,,,4,,,,,,,,,,,,,,,,,4
2015,protected,3,1.5,,0.2,,,,,,,,,,,,,,,,,,,,,,,,,,,,,,,,,0.2,,,,,,28,5,,,,,2,,,,1,,,,,,36
2015,protected,4,1.4,,0.02,,,0.08,,0.3,0.15,,,,,,,,,,,,,,,,,,0.03,,,,,,,,,0.58,,,,,2,,62,,,,,,,,,3,1,,,,,68
2015,protected,5,1.64,0.005,0.28,,,,,,0.04,,,,,,0.02,,,,,,,,,,,,,,,,,,,,0.655,0.345,,,,,,6,,,,,1,,,3,,,,,,,,10
2015,protected,6,1.56,0.005,0.16,,,0.18,,0.01,0.18,,,,,,,,,,,0.01,,,,,,,,,,,,,,,0.365,0.545,,,,,,,,2,,,1,,,,,,,,,,1,4
2015,protected,7,1.55,0.08,0.1,,,0.12,,,0.12,,,,,,0.08,,,,,,,,,,,,,,,,,,,,0.5,0.5,,,,,,150,,,,,,,,,,,,,,,1,151
2015,protected,8,1.02,,,,,0.2,0.1,0.08,0.38,,,,,,,,,0.06,,,,,,,,,,,,,,,,,0.06,0.82,,,24,,,,1,44,,,,,,,,,,,,2,,71
2015,protected,9,0.865,,,,,0.15,,,0.13,0.1,,,,,,,,,,,,,,,,,,,,,,,,,,0.38,,1,8,,,,66,,,,,,,,,,,,,,,75
2015,protected,10,0.52,,,,,0.08,,0.55,0.2,,,,,,,,,,,,,,,,,,,,,,,,,,,0.83,,,,,,,32,,,,,,,,,,,,,,,32
2015,protected,11,0.467,,,,,,,0.6,,,,0.03,,,,,,,,,,,,,,,,,,,,,,,,0.63,,3,,,,,55,,,,,,,,,,,,,,,58
2015,protected,12,-0.45,,,,,,0.12,0.72,0.17,,,0.04,,,,,,,,,,,,,,,,,,,,,,,,1.05,,5,,,,,,105,,,,,,,,,,,,,,110
2015,protected,13,0.185,,,,,,,,0.25,,,,0.02,,,,,,,,,,,,,,0.01,,,,,,,,,0.28,,,,,,,,78,,,,,,1,,,,,,,,79
2015,protected,14,0.265,,,,,,,,0.18,,,,,,,,,,,,,,,,,,,,,,,,,,,0.18,,2,,,,,,127,,,,,,1,,,,,,1,1,132
2015,protected,15,0.13,,,,,,,0.04,,,,0.2,0.04,,,,,,,,,,,,,,,,,,,,,,,0.28,,4,,,,,43,,,,,,,,,,,,,,,47
2015,protected,16,0.35,,,,,0.02,,0.12,0.04,,,,,,,,,,,,,,,,,,,,,,,,,,,0.18,,1,,,,,35,,,,,,,,,6,,,,,,42
2015,protected,17,0.16,,,,,,,,,,,0.04,,,,,,,0.4,,,,,,,,,,,,,,,,,0.44,,,,,,,60,,,,,,,,,24,,,,,,84
2015,protected,18,0.17,,,,0.01,,,,,,,,,,,,,,0.85,,,,,,,,,,,,,,,,,0.86,,1,,,,,60,,1,,,,,,,,,,,,,62
2015,protected,19,0.155,,,,,,,,,,,,,,,,,,0.8,,,,,,,,,,,,,,,,,0.8,,,,,,,39,,,,,,,,,,,,,,,39
2015,protected,20,0.2,,,,,,,,,,,0.25,,,,,,,0.4,0.02,,,,,,,,,,,,,,,,0.67,,2,,,,,80,,,,,,,,,,,,,,,82
2015,protected,21,0.045,,,,,,,,,,,,,,,,,,1,,,,,,,,,,,,,,,,,1,,,,,,,30,,,,,,,,,,,,,,,30